url,description,filename,ed2k,magnet,pan,
http://diaodiaode.me/rss/feed/0,['[电视剧]新百战天龙MacGyver'],['新百战天龙.MacGyver.S02E09.中英字幕.HDTVrip.720P-人人影视.mp4'],['ed2k://|file|新百战天龙.MacGyver.S02E09.中英字幕.HDTVrip.720P-人人影视.mp4|524100161|f6e649e8befc41b53c6ca256affdd32e|h=la5db4bb2lhb24ntsxzgp6lhqdoselec|/'],['magnet:?xt=urn:btih:6f650dfc62d4a78d339356c4ad982eb2406126f4&tr=udp://9.rarbg.to:2710/announce&tr=udp://9.rarbg.me:2710/announce&tr=http://tr.cili001.com:8070/announce&tr=http://tracker.trackerfix.com:80/announce&tr=udp://open.demonii.com:1337&tr=udp://tracker.opentrackr.org:1337/announce&tr=udp://p4p.arenabg.com:1337&tr=wss://tracker.openwebtorrent.com&tr=wss://tracker.btorrent.xyz&tr=wss://tracker.fastcast.nz'],['http://pan.baidu.com/s/1nuNN8Q9'],
http://diaodiaode.me/rss/feed/0,['[电视剧]少女卧底K.C. Undercover'],['少女卧底.K.C.Undercover.S03E09.WEB-HR.720P.Chs.Eng-Deefun迪幻字幕组.mp4'],['ed2k://|file|少女卧底.K.C.Undercover.S03E09.WEB-HR.720P.Chs.Eng-Deefun迪幻字幕组.mp4|318084530|929b7f9af774303996091aa1e0e559d1|h=qs27bc6fckkytdjvxijamlpuq3b2gvhc|/'],['magnet:?xt=urn:btih:f9380e9166a3a831cf13a521db90ecf70001c77c&tr=udp://9.rarbg.to:2710/announce&tr=udp://9.rarbg.me:2710/announce&tr=http://tr.cili001.com:8070/announce&tr=http://tracker.trackerfix.com:80/announce&tr=udp://open.demonii.com:1337&tr=udp://tracker.opentrackr.org:1337/announce&tr=udp://p4p.arenabg.com:1337&tr=wss://tracker.openwebtorrent.com&tr=wss://tracker.btorrent.xyz&tr=wss://tracker.fastcast.nz'],[],
http://diaodiaode.me/rss/feed/0,["[电视剧]神盾局特工Marvel's Agents of S.H.I.E.L.D."],['神盾局特工.Marvels.Agents.of.S.H.I.E.L.D.S05E01-E02.中英字幕.HDTVrip.720P-人人影视.mp4'],['ed2k://|file|神盾局特工.Marvels.Agents.of.S.H.I.E.L.D.S05E01-E02.中英字幕.HDTVrip.720P-人人影视.mp4|1018935605|0ac0b441eff0fdf1784edc512b1a9ce4|h=c2lmtybi4o7gxjhahcu2673rda5hlwf5|/'],['magnet:?xt=urn:btih:fe3d86be4a5572fc5dcb03ca244ddd64e485bd7e&tr=udp://9.rarbg.to:2710/announce&tr=udp://9.rarbg.me:2710/announce&tr=http://tr.cili001.com:8070/announce&tr=http://tracker.trackerfix.com:80/announce&tr=udp://open.demonii.com:1337&tr=udp://tracker.opentrackr.org:1337/announce&tr=udp://p4p.arenabg.com:1337&tr=wss://tracker.openwebtorrent.com&tr=wss://tracker.btorrent.xyz&tr=wss://tracker.fastcast.nz'],['https://pan.baidu.com/s/1c1026U8'],
http://diaodiaode.me/rss/feed/0,['[电视剧]流言终结者MythBusters'],['mythbusters.s20e03.earthquake.water.heater.hdtv.x264-w4f.mkv'],['ed2k://|file|mythbusters.s20e03.earthquake.water.heater.hdtv.x264-w4f.mkv|354758726|093F3F474973BB6BB3EDE2D709680E49|h=INR5VJEFODFSBS656UJTHZU6WGFF5DJX|/'],['magnet:?xt=urn:btih:99975effd26efc40082ff3900f8231935c1088cb&dn=MythBusters.S20E03.Earthquake.Water.Heater.HDTV.x264-W4F%5Brartv%5D&tr=http%3A%2F%2Ftracker.trackerfix.com%3A80%2Fannounce&tr=udp%3A%2F%2F9.rarbg.me%3A2710&tr=udp%3A%2F%2F9.rarbg.to%3A2710'],[],
http://diaodiaode.me/rss/feed/0,['[电视剧]流言终结者MythBusters'],['mythbusters.s20e03.earthquake.water.heater.720p.hdtv.x264-w4f.mkv'],['ed2k://|file|mythbusters.s20e03.earthquake.water.heater.720p.hdtv.x264-w4f.mkv|1080898802|DDC2B2E20668CE1962DFCDD82216E119|h=ITAM3XD764W3ZJ2AHUYAA7LIOEPLAL6F|/'],['magnet:?xt=urn:btih:dcb7a0de73c3bac17747a6e6df0a7a069baa685c&dn=MythBusters.S20E03.Earthquake.Water.Heater.720p.HDTV.x264-W4F%5Brartv%5D&tr=http%3A%2F%2Ftracker.trackerfix.com%3A80%2Fannounce&tr=udp%3A%2F%2F9.rarbg.me%3A2710&tr=udp%3A%2F%2F9.rarbg.to%3A2710'],[],
http://diaodiaode.me/rss/feed/0,['[电视剧]新豪门恩怨Dynasty'],['Dynasty.2017.S01E07.HDTV.x264-SVA.mkv'],['ed2k://|file|Dynasty.2017.S01E07.HDTV.x264-SVA.mkv|326053368|546C49D22629BF8026A6D2E1354BAF70|h=TOTJBWN4CGLVQSHNYTRNZX2TI5L3TT6W|/'],['magnet:?xt=urn:btih:c09a358a50f1005e749c87c6314d25fd2ccc9bbf&dn=Dynasty.2017.S01E07.HDTV.x264-SVA%5Brartv%5D&tr=http%3A%2F%2Ftracker.trackerfix.com%3A80%2Fannounce&tr=udp%3A%2F%2F9.rarbg.me%3A2710&tr=udp%3A%2F%2F9.rarbg.to%3A2710'],[],
http://diaodiaode.me/rss/feed/0,['[电视剧]新豪门恩怨Dynasty'],['Dynasty.2017.S01E07.720p.HDTV.x264-AVS.mkv'],['ed2k://|file|Dynasty.2017.S01E07.720p.HDTV.x264-AVS.mkv|1129575546|35B8128AD156F51CDEDC1C19BD0A9F1F|h=JCNJOXR26JLWKOTZI2A7OZZQ7PA6JCXF|/'],['magnet:?xt=urn:btih:ec306199eecb4381f45c80670c0dcb49d7783ef1&dn=Dynasty.2017.S01E07.720p.HDTV.x264-AVS%5Brartv%5D&tr=http%3A%2F%2Ftracker.trackerfix.com%3A80%2Fannounce&tr=udp%3A%2F%2F9.rarbg.me%3A2710&tr=udp%3A%2F%2F9.rarbg.to%3A2710'],[],
http://diaodiaode.me/rss/feed/0,['[电视剧]安迪·麦克Andi Mack'],['andi.mack.s02e05.hdtv.x264-w4f.mkv'],['ed2k://|file|andi.mack.s02e05.hdtv.x264-w4f.mkv|169471771|0DC5C4BB23373542251D9E86185799AD|h=CELVUCPHIS5TX6VDHA6XZ4KT4CWO4PZO|/'],['magnet:?xt=urn:btih:ee6c713e77aa45867fd544e2e01248459c63f1cb&dn=Andi.Mack.S02E05.HDTV.x264-W4F%5Brartv%5D&tr=http%3A%2F%2Ftracker.trackerfix.com%3A80%2Fannounce&tr=udp%3A%2F%2F9.rarbg.me%3A2710&tr=udp%3A%2F%2F9.rarbg.to%3A2710'],[],
http://diaodiaode.me/rss/feed/0,['[电视剧]安迪·麦克Andi Mack'],['andi.mack.s02e05.720p.hdtv.x264-w4f.mkv'],['ed2k://|file|andi.mack.s02e05.720p.hdtv.x264-w4f.mkv|569434864|DBB4FA90C82D11367061E017531398AC|h=OWMYOFIMZQCU5LLMXMAC2CQ4CMW5JWEK|/'],['magnet:?xt=urn:btih:153d0a777383c1bf48b8eb8d4cbc35ccb955b44d&dn=Andi.Mack.S02E05.720p.HDTV.x264-W4F%5Brartv%5D&tr=http%3A%2F%2Ftracker.trackerfix.com%3A80%2Fannounce&tr=udp%3A%2F%2F9.rarbg.me%3A2710&tr=udp%3A%2F%2F9.rarbg.to%3A2710'],[],
http://diaodiaode.me/rss/feed/0,['[电视剧]迷眼Shut Eye'],['迷眼.Shut.Eye.S01E08.720p.WEBrip.x264.双语字幕-深影字幕组.mp4（密码：5oc7）'],['ed2k://|file|迷眼.Shut.Eye.S01E08.720p.WEB.H264-双语字幕精校版.深影字幕组.mp4|564261079|c490ab5fd11dcfce300e51bbe344597b|h=pebkfgyq4sxsirknjwruoitlpgyywnin|/'],['magnet:?xt=urn:btih:74e4ced520b1d0b2ae473ba75159f9adfcb884e3&tr=udp://9.rarbg.to:2710/announce&tr=udp://9.rarbg.me:2710/announce&tr=http://tr.cili001.com:8070/announce&tr=http://tracker.trackerfix.com:80/announce&tr=udp://open.demonii.com:1337&tr=udp://tracker.opentrackr.org:1337/announce&tr=udp://p4p.arenabg.com:1337&tr=wss://tracker.openwebtorrent.com&tr=wss://tracker.btorrent.xyz&tr=wss://tracker.fastcast.nz'],['http://pan.baidu.com/s/1cIL7em'],
http://diaodiaode.me/rss/feed/0,['[电视剧]独角喵!Unikitty!'],['unikitty.s01e02.hdtv.x264-w4f.mkv'],['ed2k://|file|unikitty.s01e02.hdtv.x264-w4f.mkv|98856465|E3C5D5911FBB1D96E5368BC37EE9557B|h=GIND6JXTXBD74AZHMANX3FKN7R3AUIPD|/'],['magnet:?xt=urn:btih:4ceb1fbdf4e7e345826bd55382225ac96d84c4ca&dn=Unikitty.S01E02.HDTV.x264-W4F%5Brartv%5D&tr=http%3A%2F%2Ftracker.trackerfix.com%3A80%2Fannounce&tr=udp%3A%2F%2F9.rarbg.me%3A2710&tr=udp%3A%2F%2F9.rarbg.to%3A2710'],[],
http://diaodiaode.me/rss/feed/0,['[电视剧]独角喵!Unikitty!'],['unikitty.s01e02.720p.hdtv.x264-w4f.mkv'],['ed2k://|file|unikitty.s01e02.720p.hdtv.x264-w4f.mkv|308409753|4C1516A28092DEAC42F266FA54942E8D|h=LJGAZUXQWWG63GBGWR6ROSKHGRDKTIXL|/'],['magnet:?xt=urn:btih:525633a561ea82854aa21278311f980f650669ad&dn=Unikitty.S01E02.720p.HDTV.x264-W4F%5Brartv%5D&tr=http%3A%2F%2Ftracker.trackerfix.com%3A80%2Fannounce&tr=udp%3A%2F%2F9.rarbg.me%3A2710&tr=udp%3A%2F%2F9.rarbg.to%3A2710'],[],
http://diaodiaode.me/rss/feed/0,['[电视剧]驱魔人The Exorcist'],['The.Exorcist.S02E08.HDTV.x264-SVA.mkv'],['ed2k://|file|The.Exorcist.S02E08.HDTV.x264-SVA.mkv|210743430|5FAA80858FC972B703229E6E088F9E05|h=4A6RFA4KANHFBA2NQNFKUWRR7QTS6YSX|/'],['magnet:?xt=urn:btih:31a60f5273c2abbaf05305c609b8f814aa9524ea&dn=The.Exorcist.S02E08.HDTV.x264-SVA%5Brartv%5D&tr=http%3A%2F%2Ftracker.trackerfix.com%3A80%2Fannounce&tr=udp%3A%2F%2F9.rarbg.me%3A2710&tr=udp%3A%2F%2F9.rarbg.to%3A2710'],[],
http://diaodiaode.me/rss/feed/0,['[电视剧]迷眼Shut Eye'],['迷眼.Shut.Eye.S01E07.720p.WEBrip.x264.双语字幕-深影字幕组.mp4（密码：nr3p）'],['ed2k://|file|迷眼.Shut.Eye.S01E07.720p.WEB.H264-双语字幕精校版.深影字幕组.mp4|600713643|cb84676ab6159ece01ea57e51883caad|h=u2ou2d5k544jczyh7in4ysqnlb5qs4xt|/'],['magnet:?xt=urn:btih:dc5a297fb85bc08afc2f33f0be83cb36a5fafd90&tr=udp://9.rarbg.to:2710/announce&tr=udp://9.rarbg.me:2710/announce&tr=http://tr.cili001.com:8070/announce&tr=http://tracker.trackerfix.com:80/announce&tr=udp://open.demonii.com:1337&tr=udp://tracker.opentrackr.org:1337/announce&tr=udp://p4p.arenabg.com:1337&tr=wss://tracker.openwebtorrent.com&tr=wss://tracker.btorrent.xyz&tr=wss://tracker.fastcast.nz'],['http://pan.baidu.com/s/1bpzM1kz'],
http://diaodiaode.me/rss/feed/0,['[电视剧]驱魔人The Exorcist'],['The.Exorcist.S02E08.720p.HDTV.x264-AVS.mkv'],['ed2k://|file|The.Exorcist.S02E08.720p.HDTV.x264-AVS.mkv|950286010|B200CF7ADF3361543AC17A3C09B99161|h=MUSST6WZTF2GG4HHISRW2YFC2PRFPQKM|/'],['magnet:?xt=urn:btih:47bdc9cae7d872f4766ea47a4259ee67fa072e68&dn=The.Exorcist.S02E08.720p.HDTV.x264-AVS%5Brartv%5D&tr=http%3A%2F%2Ftracker.trackerfix.com%3A80%2Fannounce&tr=udp%3A%2F%2F9.rarbg.me%3A2710&tr=udp%3A%2F%2F9.rarbg.to%3A2710'],[],
http://diaodiaode.me/rss/feed/0,['[电视剧]少年泰坦出击Teen Titans Go! '],['Teen.Titans.Go.S04E44-E45.HDTV.x264-W4F.mkv'],[],['magnet:?xt=urn:btih:7d92b12c7d75646dc6c6183bf69a37ee28195950&dn=Teen.Titans.Go.S04E44-E45.HDTV.x264-W4F%5Brartv%5D&tr=http%3A%2F%2Ftracker.trackerfix.com%3A80%2Fannounce&tr=udp%3A%2F%2F9.rarbg.me%3A2710&tr=udp%3A%2F%2F9.rarbg.to%3A2710'],[],
http://diaodiaode.me/rss/feed/0,['[电视剧]少年泰坦出击Teen Titans Go! '],['Teen.Titans.Go.S04E44-E45.720p.HDTV.x264-W4F.mkv'],[],['magnet:?xt=urn:btih:84570026e3cce7184b82876c06709cccb1d9f9fc&dn=Teen.Titans.Go.S04E44-E45.720p.HDTV.x264-W4F%5Brartv%5D&tr=http%3A%2F%2Ftracker.trackerfix.com%3A80%2Fannounce&tr=udp%3A%2F%2F9.rarbg.me%3A2710&tr=udp%3A%2F%2F9.rarbg.to%3A2710'],[],
http://diaodiaode.me/rss/feed/0,['[电视剧]迷眼Shut Eye'],['迷眼.Shut.Eye.S01E06.720p.WEBrip.x264.双语字幕-深影字幕组.mp4（密码：g0aa）'],['ed2k://|file|迷眼.Shut.Eye.S01E06.720p.WEB.X264-双语字幕精校版.深影字幕组.mp4|510845331|4616c8c17a82dbba8acbc4f25d617d17|h=sbp5dyk4w3b7wxtcany56o6kuulkdjtp|/'],['magnet:?xt=urn:btih:919ecd6b09b89e077ae87b26b6bfc885c406c905&tr=udp://9.rarbg.to:2710/announce&tr=udp://9.rarbg.me:2710/announce&tr=http://tr.cili001.com:8070/announce&tr=http://tracker.trackerfix.com:80/announce&tr=udp://open.demonii.com:1337&tr=udp://tracker.opentrackr.org:1337/announce&tr=udp://p4p.arenabg.com:1337&tr=wss://tracker.openwebtorrent.com&tr=wss://tracker.btorrent.xyz&tr=wss://tracker.fastcast.nz'],['http://pan.baidu.com/s/1cBtPPc'],
http://diaodiaode.me/rss/feed/0,["[电视剧]神盾局特工Marvel's Agents of S.H.I.E.L.D."],['Marvels.Agents.of.S.H.I.E.L.D.S05E01-E02.HDTV.x264-SVA.mkv'],['ed2k://|file|Marvels.Agents.of.S.H.I.E.L.D.S05E01-E02.HDTV.x264-SVA.mkv|426653710|BAA924D9A7E7FB365CDFEFA209D802C9|h=EHQCPLLJKTNDCIZUFL2MS6IZQPBHRYOP|/'],['magnet:?xt=urn:btih:12174b3ecec5a5a6f7dc78b90208b731df65d228&dn=Marvels.Agents.of.S.H.I.E.L.D.S05E01-E02.HDTV.x264-SVA%5Brartv%5D&tr=http%3A%2F%2Ftracker.trackerfix.com%3A80%2Fannounce&tr=udp%3A%2F%2F9.rarbg.me%3A2710&tr=udp%3A%2F%2F9.rarbg.to%3A2710'],[],
http://diaodiaode.me/rss/feed/0,["[电视剧]神盾局特工Marvel's Agents of S.H.I.E.L.D."],['Marvels.Agents.of.S.H.I.E.L.D.S05E01-E02.720p.HDTV.x264-AVS.mkv'],['ed2k://|file|Marvels.Agents.of.S.H.I.E.L.D.S05E01-E02.720p.HDTV.x264-AVS.mkv|1690785245|25C279643E82F628017B36188A9E5077|h=7RJXXLMTHG7QLTTQR46KGUEJFRTQ4ZHF|/'],['magnet:?xt=urn:btih:0b874333e413a80634928d9f17c05bb87db78406&dn=Marvels.Agents.of.S.H.I.E.L.D.S05E01-E02.720p.HDTV.x264-AVS%5Brartv%5D&tr=http%3A%2F%2Ftracker.trackerfix.com%3A80%2Fannounce&tr=udp%3A%2F%2F9.rarbg.me%3A2710&tr=udp%3A%2F%2F9.rarbg.to%3A2710'],[],
http://diaodiaode.me/rss/feed/0,['[电视剧]新百战天龙MacGyver'],['macgyver.2016.209.hdtv-lol.mkv'],['ed2k://|file|macgyver.2016.209.hdtv-lol.mkv|290915063|D8BFE8B6B769A9D6334DDC4291D12595|h=YUICBHXSVBIYWQCUD42RSN2XGD6HEAR5|/'],['magnet:?xt=urn:btih:101bfaf3cdff1ff1616f121c3564cd8f36c9d756&dn=MacGyver.2016.S02E09.HDTV.x264-LOL%5Brartv%5D&tr=http%3A%2F%2Ftracker.trackerfix.com%3A80%2Fannounce&tr=udp%3A%2F%2F9.rarbg.me%3A2710&tr=udp%3A%2F%2F9.rarbg.to%3A2710'],[],
http://diaodiaode.me/rss/feed/0,['[电视剧]新百战天龙MacGyver'],['MacGyver.2016.S02E09.720p.HDTV.X264-DIMENSION.mkv'],['ed2k://|file|MacGyver.2016.S02E09.720p.HDTV.X264-DIMENSION.mkv|1114300961|1E9ADC52F2AEC1209A2B7DB0F08D6EA7|h=USHRC7A7QRRZLQJF3N5SVIJC67DJB43W|/'],['magnet:?xt=urn:btih:ba0a4407d2e77b939418612f6cb8b210d95b89b3&dn=MacGyver.2016.S02E09.720p.HDTV.X264-DIMENSION%5Brartv%5D&tr=http%3A%2F%2Ftracker.trackerfix.com%3A80%2Fannounce&tr=udp%3A%2F%2F9.rarbg.me%3A2710&tr=udp%3A%2F%2F9.rarbg.to%3A2710'],[],
http://diaodiaode.me/rss/feed/0,['[电视剧]天堂执法者Hawaii Five-0'],['hawaii.five-0.2010.808.hdtv-lol.mkv'],['ed2k://|file|hawaii.five-0.2010.808.hdtv-lol.mkv|408846773|80545D69F6EAB7A2BDBB38DFC041FF16|h=PZK3LKSQXGEUK54ZOHC43QDAKVQJ7GBR|/'],['magnet:?xt=urn:btih:feede823fd0af152f9cd77d4c11235ac82c4d1e7&dn=Hawaii.Five-0.2010.S08E08.HDTV.x264-LOL%5Brartv%5D&tr=http%3A%2F%2Ftracker.trackerfix.com%3A80%2Fannounce&tr=udp%3A%2F%2F9.rarbg.me%3A2710&tr=udp%3A%2F%2F9.rarbg.to%3A2710'],[],
http://diaodiaode.me/rss/feed/0,['[电视剧]天堂执法者Hawaii Five-0'],['Hawaii.Five-0.2010.S08E08.720p.HDTV.X264-DIMENSION.mkv'],['ed2k://|file|Hawaii.Five-0.2010.S08E08.720p.HDTV.X264-DIMENSION.mkv|1479695283|BE7B7DD0FB7840309A47EBBEF3845BAD|h=WBP3YMS5MDP4LHBDJP5DIMWX2GI6TQTE|/'],['magnet:?xt=urn:btih:a58366bfaba38a2dff0c855d8079a6173cad6dc9&dn=Hawaii.Five-0.2010.S08E08.720p.HDTV.X264-DIMENSION%5Brartv%5D&tr=http%3A%2F%2Ftracker.trackerfix.com%3A80%2Fannounce&tr=udp%3A%2F%2F9.rarbg.me%3A2710&tr=udp%3A%2F%2F9.rarbg.to%3A2710'],[],
http://diaodiaode.me/rss/feed/0,['[电视剧]任性芝加哥Easy'],['Easy.S02E01.WEB.x264-SKGTV.mkv'],[],['magnet:?xt=urn:btih:1e836a4a44d89278de453661587e38abf1a637b8&dn=Easy.S02E01.WEB.x264-SKGTV%5Brartv%5D&tr=http%3A%2F%2Ftracker.trackerfix.com%3A80%2Fannounce&tr=udp%3A%2F%2F9.rarbg.me%3A2710&tr=udp%3A%2F%2F9.rarbg.to%3A2710'],[],
http://diaodiaode.me/rss/feed/0,['[电视剧]任性芝加哥Easy'],['Easy.S02E02.WEB.x264-SKGTV.mkv'],[],['magnet:?xt=urn:btih:342783fc740e638de38afa920b0e15dfe45f8081&dn=Easy.S02E02.WEB.x264-SKGTV%5Brartv%5D&tr=http%3A%2F%2Ftracker.trackerfix.com%3A80%2Fannounce&tr=udp%3A%2F%2F9.rarbg.me%3A2710&tr=udp%3A%2F%2F9.rarbg.to%3A2710'],[],
http://diaodiaode.me/rss/feed/0,['[电视剧]任性芝加哥Easy'],['Easy.S02E03.WEB.x264-SKGTV.mkv'],[],['magnet:?xt=urn:btih:454ba8550dea25914c95fb4675ef2062ec077a02&dn=Easy.S02E03.WEB.x264-SKGTV%5Brartv%5D&tr=http%3A%2F%2Ftracker.trackerfix.com%3A80%2Fannounce&tr=udp%3A%2F%2F9.rarbg.me%3A2710&tr=udp%3A%2F%2F9.rarbg.to%3A2710'],[],
http://diaodiaode.me/rss/feed/0,['[电视剧]迷眼Shut Eye'],['迷眼.Shut.Eye.S01E10.720p.WEBrip.x264.双语字幕-深影字幕组.mp4（密码：k23y）'],['ed2k://|file|迷眼.Shut.Eye.S01E10.720p.WEBrip.x264.双语字幕-深影字幕组.mp4|549188691|18ddf28951bbb8aaa08f0ebf832a6e6d|h=2wyuu77mn7mcwnclu7s2li6siex42f4q|/'],['magnet:?xt=urn:btih:d08937da648ddfa04c30adb463d865bc037682b1&tr=udp://9.rarbg.to:2710/announce&tr=udp://9.rarbg.me:2710/announce&tr=http://tr.cili001.com:8070/announce&tr=http://tracker.trackerfix.com:80/announce&tr=udp://open.demonii.com:1337&tr=udp://tracker.opentrackr.org:1337/announce&tr=udp://p4p.arenabg.com:1337&tr=wss://tracker.openwebtorrent.com&tr=wss://tracker.btorrent.xyz&tr=wss://tracker.fastcast.nz'],['http://pan.baidu.com/s/1o7H1cE2'],
http://diaodiaode.me/rss/feed/0,['[电视剧]任性芝加哥Easy'],['Easy.S02E04.WEB.x264-SKGTV.mkv'],[],['magnet:?xt=urn:btih:f44c5bd3d45adbaf8356b616d8ed8104360d03be&dn=Easy.S02E04.WEB.x264-SKGTV%5Brartv%5D&tr=http%3A%2F%2Ftracker.trackerfix.com%3A80%2Fannounce&tr=udp%3A%2F%2F9.rarbg.me%3A2710&tr=udp%3A%2F%2F9.rarbg.to%3A2710'],[],
http://diaodiaode.me/rss/feed/0,['[电视剧]任性芝加哥Easy'],['Easy.S02E05.WEB.x264-SKGTV.mkv'],[],['magnet:?xt=urn:btih:58a39b0b4fe1ad58f49d9e25c7d34fa755c1b126&dn=Easy.S02E05.WEB.x264-SKGTV%5Brartv%5D&tr=http%3A%2F%2Ftracker.trackerfix.com%3A80%2Fannounce&tr=udp%3A%2F%2F9.rarbg.me%3A2710&tr=udp%3A%2F%2F9.rarbg.to%3A2710'],[],
http://diaodiaode.me/rss/feed/0,['[电视剧]任性芝加哥Easy'],['Easy.S02E06.WEB.x264-SKGTV.mkv'],[],['magnet:?xt=urn:btih:00e5c029537ae08559f21003d8de85faf4f5b0da&dn=Easy.S02E06.WEB.x264-SKGTV%5Brartv%5D&tr=http%3A%2F%2Ftracker.trackerfix.com%3A80%2Fannounce&tr=udp%3A%2F%2F9.rarbg.me%3A2710&tr=udp%3A%2F%2F9.rarbg.to%3A2710'],[],
http://diaodiaode.me/rss/feed/0,['[电视剧]任性芝加哥Easy'],['Easy.S02E07.WEB.x264-SKGTV.mkv'],[],['magnet:?xt=urn:btih:9276c4253689b9b8239d9d332ee35051eb697561&dn=Easy.S02E07.WEB.x264-SKGTV%5Brartv%5D&tr=http%3A%2F%2Ftracker.trackerfix.com%3A80%2Fannounce&tr=udp%3A%2F%2F9.rarbg.me%3A2710&tr=udp%3A%2F%2F9.rarbg.to%3A2710'],[],
http://diaodiaode.me/rss/feed/0,['[电视剧]任性芝加哥Easy'],['Easy.S02E08.WEB.x264-SKGTV.mkv'],[],['magnet:?xt=urn:btih:9d51c5f5568bca2879e82b4a40ba2878857cafa6&dn=Easy.S02E08.WEB.x264-SKGTV%5Brartv%5D&tr=http%3A%2F%2Ftracker.trackerfix.com%3A80%2Fannounce&tr=udp%3A%2F%2F9.rarbg.me%3A2710&tr=udp%3A%2F%2F9.rarbg.to%3A2710'],[],
http://diaodiaode.me/rss/feed/0,['[电视剧]任性芝加哥Easy'],['Easy.S02E04.720p.WEB.x264-STRiFE.mkv'],[],['magnet:?xt=urn:btih:49dc617be75d9ace5cc085b8ecc5fbb1e5acf13c&dn=Easy.S02E04.720p.WEB.x264-STRiFE%5Brartv%5D&tr=http%3A%2F%2Ftracker.trackerfix.com%3A80%2Fannounce&tr=udp%3A%2F%2F9.rarbg.me%3A2710&tr=udp%3A%2F%2F9.rarbg.to%3A2710'],[],
http://diaodiaode.me/rss/feed/0,['[电视剧]任性芝加哥Easy'],['Easy.S02E05.720p.WEB.x264-STRiFE.mkv'],[],['magnet:?xt=urn:btih:1135c884985b58a2eb68ea589eab76b242a4dd7e&dn=Easy.S02E05.720p.WEB.x264-STRiFE%5Brartv%5D&tr=http%3A%2F%2Ftracker.trackerfix.com%3A80%2Fannounce&tr=udp%3A%2F%2F9.rarbg.me%3A2710&tr=udp%3A%2F%2F9.rarbg.to%3A2710'],[],
http://diaodiaode.me/rss/feed/0,['[电视剧]任性芝加哥Easy'],['Easy.S02E02.720p.WEB.x264-STRiFE.mkv'],[],['magnet:?xt=urn:btih:999d994cba70656e2645e76a5d2139ee36fa61ca&dn=Easy.S02E02.720p.WEB.x264-STRiFE%5Brartv%5D&tr=http%3A%2F%2Ftracker.trackerfix.com%3A80%2Fannounce&tr=udp%3A%2F%2F9.rarbg.me%3A2710&tr=udp%3A%2F%2F9.rarbg.to%3A2710'],[],
http://diaodiaode.me/rss/feed/0,['[电视剧]任性芝加哥Easy'],['Easy.S02E03.720p.WEB.x264-STRiFE.mkv'],[],['magnet:?xt=urn:btih:c9d9662eadd4d65ab18ef5a25838ca4944c8ffad&dn=Easy.S02E03.720p.WEB.x264-STRiFE%5Brartv%5D&tr=http%3A%2F%2Ftracker.trackerfix.com%3A80%2Fannounce&tr=udp%3A%2F%2F9.rarbg.me%3A2710&tr=udp%3A%2F%2F9.rarbg.to%3A2710'],[],
http://diaodiaode.me/rss/feed/0,['[电视剧]任性芝加哥Easy'],['Easy.S02E01.720p.WEB.x264-STRiFE.mkv'],[],['magnet:?xt=urn:btih:71209e123aa7fff473abe0cf1aa6f04c12657e04&dn=Easy.S02E01.720p.WEB.x264-STRiFE%5Brartv%5D&tr=http%3A%2F%2Ftracker.trackerfix.com%3A80%2Fannounce&tr=udp%3A%2F%2F9.rarbg.me%3A2710&tr=udp%3A%2F%2F9.rarbg.to%3A2710'],[],
http://diaodiaode.me/rss/feed/0,['[电视剧]任性芝加哥Easy'],['Easy.S02E06.720p.WEB.x264-SKGTV.mkv'],[],['magnet:?xt=urn:btih:193ea4ee53c3817ce4d1acc952d3e6d5c354b45b&dn=Easy.S02E06.720p.WEB.x264-SKGTV%5Brartv%5D&tr=http%3A%2F%2Ftracker.trackerfix.com%3A80%2Fannounce&tr=udp%3A%2F%2F9.rarbg.me%3A2710&tr=udp%3A%2F%2F9.rarbg.to%3A2710'],[],
http://diaodiaode.me/rss/feed/0,['[电视剧]迷眼Shut Eye'],['迷眼.Shut.Eye.S01E09.720p.WEBrip.x264.双语字幕-深影字幕组.mp4'],['ed2k://|file|迷眼.Shut.Eye.S01E09.720p.WEBrip.x264.双语字幕-深影字幕组.mp4|570940403|6f75d01a002807b66fcae4db886b9dc8|h=yvztbxh44gzag64gbz7dfww5wlzpx2y2|/'],['magnet:?xt=urn:btih:c470d96de6dfef507c50d83729fbb2a1107e49e5&tr=udp://9.rarbg.to:2710/announce&tr=udp://9.rarbg.me:2710/announce&tr=http://tr.cili001.com:8070/announce&tr=http://tracker.trackerfix.com:80/announce&tr=udp://open.demonii.com:1337&tr=udp://tracker.opentrackr.org:1337/announce&tr=udp://p4p.arenabg.com:1337&tr=wss://tracker.openwebtorrent.com&tr=wss://tracker.btorrent.xyz&tr=wss://tracker.fastcast.nz'],['http://pan.baidu.com/s/1slIWZxF'],
http://diaodiaode.me/rss/feed/0,['[电视剧]任性芝加哥Easy'],['Easy.S02E07.720p.WEB.x264-SKGTV.mkv'],[],['magnet:?xt=urn:btih:8c18d2e5ed56924bc9aa410e2e1cfa3dc28b41b4&dn=Easy.S02E07.720p.WEB.x264-SKGTV%5Brartv%5D&tr=http%3A%2F%2Ftracker.trackerfix.com%3A80%2Fannounce&tr=udp%3A%2F%2F9.rarbg.me%3A2710&tr=udp%3A%2F%2F9.rarbg.to%3A2710'],[],
http://diaodiaode.me/rss/feed/0,['[电视剧]任性芝加哥Easy'],['Easy.S02E08.720p.WEB.x264-SKGTV.mkv'],[],['magnet:?xt=urn:btih:9e8db7d19cf3890b43a1e61ee9e459f8544693cf&dn=Easy.S02E08.720p.WEB.x264-SKGTV%5Brartv%5D&tr=http%3A%2F%2Ftracker.trackerfix.com%3A80%2Fannounce&tr=udp%3A%2F%2F9.rarbg.me%3A2710&tr=udp%3A%2F%2F9.rarbg.to%3A2710'],[],
http://diaodiaode.me/rss/feed/0,['[电视剧]暗Dark'],['Dark.S01E01.WEBRip.x264-STRiFE.mkv'],[],['magnet:?xt=urn:btih:8cd735d26ac8fa3231f55dd3ff3eabc290aa2a20&dn=Dark.S01E01.WEBRip.x264-STRiFE%5Brartv%5D&tr=http%3A%2F%2Ftracker.trackerfix.com%3A80%2Fannounce&tr=udp%3A%2F%2F9.rarbg.me%3A2710&tr=udp%3A%2F%2F9.rarbg.to%3A2710'],[],
http://diaodiaode.me/rss/feed/0,['[电视剧]暗Dark'],['Dark.S01E02.WEBRip.x264-STRiFE.mkv'],[],['magnet:?xt=urn:btih:30a2fafd24f6f7d42fd2cc685b76657048aded8e&dn=Dark.S01E02.WEBRip.x264-STRiFE%5Brartv%5D&tr=http%3A%2F%2Ftracker.trackerfix.com%3A80%2Fannounce&tr=udp%3A%2F%2F9.rarbg.me%3A2710&tr=udp%3A%2F%2F9.rarbg.to%3A2710'],[],
http://diaodiaode.me/rss/feed/0,['[电视剧]暗Dark'],['Dark.S01E10.WEBRip.x264-STRiFE.mkv'],[],['magnet:?xt=urn:btih:4ed8597ecde45a2c712fd15804cbab8e98c1fe94&dn=Dark.S01E10.WEBRip.x264-STRiFE%5Brartv%5D&tr=http%3A%2F%2Ftracker.trackerfix.com%3A80%2Fannounce&tr=udp%3A%2F%2F9.rarbg.me%3A2710&tr=udp%3A%2F%2F9.rarbg.to%3A2710'],[],
http://diaodiaode.me/rss/feed/0,['[电视剧]暗Dark'],['Dark.S01E09.WEBRip.x264-STRiFE.mkv'],[],['magnet:?xt=urn:btih:10a83b0d4295b7b0dcf8c701263682ed3d34be72&dn=Dark.S01E09.WEBRip.x264-STRiFE%5Brartv%5D&tr=http%3A%2F%2Ftracker.trackerfix.com%3A80%2Fannounce&tr=udp%3A%2F%2F9.rarbg.me%3A2710&tr=udp%3A%2F%2F9.rarbg.to%3A2710'],[],
http://diaodiaode.me/rss/feed/0,['[电视剧]暗Dark'],['Dark.S01E03.WEBRip.x264-STRiFE.mkv'],[],['magnet:?xt=urn:btih:a0097cc7f72dab4425d745a0d8227df16d49da48&dn=Dark.S01E03.WEBRip.x264-STRiFE%5Brartv%5D&tr=http%3A%2F%2Ftracker.trackerfix.com%3A80%2Fannounce&tr=udp%3A%2F%2F9.rarbg.me%3A2710&tr=udp%3A%2F%2F9.rarbg.to%3A2710'],[],
http://diaodiaode.me/rss/feed/0,['[电视剧]暗Dark'],['Dark.S01E04.WEBRip.x264-STRiFE.mkv'],[],['magnet:?xt=urn:btih:df725962937698c5515de9f993fb57c7b0935ea9&dn=Dark.S01E04.WEBRip.x264-STRiFE%5Brartv%5D&tr=http%3A%2F%2Ftracker.trackerfix.com%3A80%2Fannounce&tr=udp%3A%2F%2F9.rarbg.me%3A2710&tr=udp%3A%2F%2F9.rarbg.to%3A2710'],[],
http://diaodiaode.me/rss/feed/0,['[电视剧]暗Dark'],['Dark.S01E05.WEBRip.x264-STRiFE.mkv'],[],['magnet:?xt=urn:btih:d0fbffcc8172315e5093b2030c1634511d0b5bce&dn=Dark.S01E05.WEBRip.x264-STRiFE%5Brartv%5D&tr=http%3A%2F%2Ftracker.trackerfix.com%3A80%2Fannounce&tr=udp%3A%2F%2F9.rarbg.me%3A2710&tr=udp%3A%2F%2F9.rarbg.to%3A2710'],[],
http://diaodiaode.me/rss/feed/0,['[电视剧]暗Dark'],['Dark.S01E08.WEBRip.x264-STRiFE.mkv'],[],['magnet:?xt=urn:btih:0886036ba32842d62140cfac8588e063a399430f&dn=Dark.S01E08.WEBRip.x264-STRiFE%5Brartv%5D&tr=http%3A%2F%2Ftracker.trackerfix.com%3A80%2Fannounce&tr=udp%3A%2F%2F9.rarbg.me%3A2710&tr=udp%3A%2F%2F9.rarbg.to%3A2710'],[],
http://diaodiaode.me/rss/feed/0,['[电视剧]暗Dark'],['Dark.S01E06.WEBRip.x264-STRiFE.mkv'],[],['magnet:?xt=urn:btih:db8aa9f7fc402b7e0888f36b1917ee7497f1938a&dn=Dark.S01E06.WEBRip.x264-STRiFE%5Brartv%5D&tr=http%3A%2F%2Ftracker.trackerfix.com%3A80%2Fannounce&tr=udp%3A%2F%2F9.rarbg.me%3A2710&tr=udp%3A%2F%2F9.rarbg.to%3A2710'],[],
http://diaodiaode.me/rss/feed/0,['[电视剧]暗Dark'],['Dark.S01E07.WEBRip.x264-STRiFE.mkv'],[],['magnet:?xt=urn:btih:89bbf42667b3785c640d0b16e1fb6b0c962cfcb1&dn=Dark.S01E07.WEBRip.x264-STRiFE%5Brartv%5D&tr=http%3A%2F%2Ftracker.trackerfix.com%3A80%2Fannounce&tr=udp%3A%2F%2F9.rarbg.me%3A2710&tr=udp%3A%2F%2F9.rarbg.to%3A2710'],[],
http://diaodiaode.me/rss/feed/0,['[电视剧]警察世家Blue Bloods'],['blue.bloods.809.hdtv-lol.mkv'],['ed2k://|file|blue.bloods.809.hdtv-lol.mkv|249387464|4F68CE90D66AAA1727E51E3DC5CE6217|h=NN4LFISKOP2FR65QG2CRAN5YWZHIOLQY|/'],['magnet:?xt=urn:btih:63e9a103b2516759ef7c755cd87ea42a697a877e&dn=Blue.Bloods.S08E09.HDTV.x264-LOL%5Brartv%5D&tr=http%3A%2F%2Ftracker.trackerfix.com%3A80%2Fannounce&tr=udp%3A%2F%2F9.rarbg.me%3A2710&tr=udp%3A%2F%2F9.rarbg.to%3A2710'],[],
http://diaodiaode.me/rss/feed/0,['[电视剧]警察世家Blue Bloods'],['Blue.Bloods.S08E09.720p.HDTV.X264-DIMENSION.mkv'],['ed2k://|file|Blue.Bloods.S08E09.720p.HDTV.X264-DIMENSION.mkv|944882111|A9E883D5A720CA6B7C41C7956BE153A8|h=6TZDPGCKTHRCEQ3KV3XEPUEFAJ4LSCW7|/'],['magnet:?xt=urn:btih:a56997ddd04be28194f02be241a81800b5ac372a&dn=Blue.Bloods.S08E09.720p.HDTV.X264-DIMENSION%5Brartv%5D&tr=http%3A%2F%2Ftracker.trackerfix.com%3A80%2Fannounce&tr=udp%3A%2F%2F9.rarbg.me%3A2710&tr=udp%3A%2F%2F9.rarbg.to%3A2710'],[],
http://diaodiaode.me/rss/feed/0,['[电视剧]盲点Blindspot'],['Blindspot.S03E05.HDTV.x264-KILLERS.mkv'],['ed2k://|file|Blindspot.S03E05.HDTV.x264-KILLERS.mkv|343635410|C9FB76E55056F3709F8F30F1E2A80777|h=2LDWGRUMS7F4AFQGWWA573CX6CRBGCVR|/'],['magnet:?xt=urn:btih:647c34f2ae8af5519d2df3510a18586dbf9874bc&dn=Blindspot.S03E05.HDTV.x264-KILLERS%5Brartv%5D&tr=http%3A%2F%2Ftracker.trackerfix.com%3A80%2Fannounce&tr=udp%3A%2F%2F9.rarbg.me%3A2710&tr=udp%3A%2F%2F9.rarbg.to%3A2710'],[],
http://diaodiaode.me/rss/feed/0,['[电视剧]盲点Blindspot'],['Blindspot.S03E05.720p.HDTV.x264-KILLERS.mkv'],['ed2k://|file|Blindspot.S03E05.720p.HDTV.x264-KILLERS.mkv|1288015175|7DAD8D9494F739E242CAFFA6545757EC|h=PWJ6BQBQYNL2YXZ2EKEFEIVXNF4FHAEN|/'],['magnet:?xt=urn:btih:13a5ea2ce2326e24bf349a7c1c77ddd31e6262a5&dn=Blindspot.S03E05.720p.HDTV.x264-KILLERS%5Brartv%5D&tr=http%3A%2F%2Ftracker.trackerfix.com%3A80%2Fannounce&tr=udp%3A%2F%2F9.rarbg.me%3A2710&tr=udp%3A%2F%2F9.rarbg.to%3A2710'],[],
http://diaodiaode.me/rss/feed/0,['[电视剧]少年谢尔顿Young Sheldon'],['Young.Sheldon.S01E06.HDTV.x264-SVA.mkv'],['ed2k://|file|Young.Sheldon.S01E06.HDTV.x264-SVA.mkv|130336238|AA56289CDF961DAA2EBE2CD78A702F34|h=NJDFOF3VNVQTMMGCPE6IQFHR4DUGLVNY|/'],['magnet:?xt=urn:btih:5fb1c2b7a25448120609f358d0ee3320688137ad&dn=Young.Sheldon.S01E06.HDTV.x264-SVA%5Brartv%5D&tr=http%3A%2F%2Ftracker.trackerfix.com%3A80%2Fannounce&tr=udp%3A%2F%2F9.rarbg.me%3A2710&tr=udp%3A%2F%2F9.rarbg.to%3A2710'],[],
http://diaodiaode.me/rss/feed/0,['[电视剧]少年谢尔顿Young Sheldon'],['Young.Sheldon.S01E06.720p.HDTV.x264-AVS.mkv'],['ed2k://|file|Young.Sheldon.S01E06.720p.HDTV.x264-AVS.mkv|449005539|0D91F94155286316A9FBE93C0A3D5725|h=JQ3LHUE53SUH54RONHRBPGTD5KSRH3UL|/'],['magnet:?xt=urn:btih:1387f8774f7833956115cd516c96596a6bd0d425&dn=Young.Sheldon.S01E06.720p.HDTV.x264-AVS%5Brartv%5D&tr=http%3A%2F%2Ftracker.trackerfix.com%3A80%2Fannounce&tr=udp%3A%2F%2F9.rarbg.me%3A2710&tr=udp%3A%2F%2F9.rarbg.to%3A2710'],[],
http://diaodiaode.me/rss/feed/0,['[电视剧]幸存者Survivor'],['survivor.s35e10e11.720p.hdtv.x264-bajskorv.mkv'],['ed2k://|file|survivor.s35e10e11.720p.hdtv.x264-bajskorv.mkv|2608670624|AA8CE2B31C9DC7A2C1A9AB5ACCD83AAC|h=YYTHVOPIAFR6YJRBVLCDQL5VZSON7ZNS|/'],['magnet:?xt=urn:btih:db027d62556db7479bca92d6eb07188cad9dd61c&dn=Survivor.S35E10E11.720p.HDTV.x264-BAJSKORV%5Brartv%5D&tr=http%3A%2F%2Ftracker.trackerfix.com%3A80%2Fannounce&tr=udp%3A%2F%2F9.rarbg.me%3A2710&tr=udp%3A%2F%2F9.rarbg.to%3A2710'],[],
http://diaodiaode.me/rss/feed/0,['[电视剧]归乡路漫漫The Long Road Home'],['The.Long.Road.Home.S01E05.The.Choice.720p.HDTV.x264-DHD.mkv'],['ed2k://|file|The.Long.Road.Home.S01E05.The.Choice.720p.HDTV.x264-DHD.mkv|1084391700|88D153169B4B05DC2AC648E149DE3C3A|h=TGZYKTIWFOT3UUKDFVWTHQHFS2DYLV43|/'],[],[],
http://diaodiaode.me/rss/feed/0,['[电视剧]凡妮莎海辛Van Helsing'],['Van.Helsing.S02E08.720p.HDTV.x264-AVS.mkv'],['ed2k://|file|Van.Helsing.S02E08.720p.HDTV.x264-AVS.mkv|910901690|C3C27FB1B186B6C33D48AA9F91EAB3B2|h=OYMSPB7NIMC5JBY7WXWU7VQEDDHMSX6I|/'],['magnet:?xt=urn:btih:0a56a9f540747252b6450369a09d64b37ea3836f&dn=Van.Helsing.S02E08.720p.HDTV.x264-AVS%5Brartv%5D&tr=http%3A%2F%2Ftracker.trackerfix.com%3A80%2Fannounce&tr=udp%3A%2F%2F9.rarbg.me%3A2710&tr=udp%3A%2F%2F9.rarbg.to%3A2710'],[],
http://diaodiaode.me/rss/feed/0,['[电视剧]奥维尔号The Orville'],['The.Orville.S01E11.WEB.x264-TBS.mkv'],[],['magnet:?xt=urn:btih:e5a2176e9425659df3192ba2b8b6a6a608cf5bba&dn=The.Orville.S01E11.WEB.x264-TBS%5Brartv%5D&tr=http%3A%2F%2Ftracker.trackerfix.com%3A80%2Fannounce&tr=udp%3A%2F%2F9.rarbg.me%3A2710&tr=udp%3A%2F%2F9.rarbg.to%3A2710'],[],
http://diaodiaode.me/rss/feed/0,['[电视剧]奥维尔号The Orville'],['The.Orville.S01E11.720p.HDTV.x264-AVS.mkv'],['ed2k://|file|The.Orville.S01E11.720p.HDTV.x264-AVS.mkv|1394742150|8FE533E1B2E6DB4024541E0E57EDFA8A|h=3YN26TKKTW4A5YLZOTH743MWGJNN2PHD|/'],['magnet:?xt=urn:btih:3a47b9881ece600045e2b0ad94f13894fc3a3baa&dn=The.Orville.S01E11.720p.HDTV.x264-AVS%5Brartv%5D&tr=http%3A%2F%2Ftracker.trackerfix.com%3A80%2Fannounce&tr=udp%3A%2F%2F9.rarbg.me%3A2710&tr=udp%3A%2F%2F9.rarbg.to%3A2710'],[],
http://diaodiaode.me/rss/feed/0,['[电视剧]铁卫雄狮The Lion Guard'],['铁卫雄狮.The.Lion.Guard.S02E11.中英精校.720p.HDTV.X字幕组.mp4'],['ed2k://|file|铁卫雄狮.The.Lion.Guard.S02E11.中英精校.720p.HDTV.X字幕组.mp4|351896355|3f82e4e0a37b644bee2f05e20cce001e|h=ktpwf3k7kddvdaa32oj5nvszbrktskpg|/'],['magnet:?xt=urn:btih:df107d736c005f060fb836b4801051d5192e2584&tr=udp://9.rarbg.to:2710/announce&tr=udp://9.rarbg.me:2710/announce&tr=http://tr.cili001.com:8070/announce&tr=http://tracker.trackerfix.com:80/announce&tr=udp://open.demonii.com:1337&tr=udp://tracker.opentrackr.org:1337/announce&tr=udp://p4p.arenabg.com:1337&tr=wss://tracker.openwebtorrent.com&tr=wss://tracker.btorrent.xyz&tr=wss://tracker.fastcast.nz'],['https://pan.baidu.com/s/1c1Sm9Eg'],
http://diaodiaode.me/rss/feed/0,['[电视剧]鲸鱼之子们在沙丘上歌唱クジラの子らは砂上に歌う'],['鲸鱼之子们在沙丘上歌唱.第一季.05.中日双语.720p.HDTV.云光字幕组.mp4'],['ed2k://|file|鲸鱼之子们在沙丘上歌唱.第一季.05.中日双语.720p.HDTV.云光字幕组.mp4|383993841|8fd310b644acd01bf5fab0bd4ebd6730|h=qourvtni3oodglzu4ksmdfgbetfsncjj|/'],['magnet:?xt=urn:btih:13533643bcfed35bed42bfd0ffd125adddaf9f9f&tr=udp://9.rarbg.to:2710/announce&tr=udp://9.rarbg.me:2710/announce&tr=http://tr.cili001.com:8070/announce&tr=http://tracker.trackerfix.com:80/announce&tr=udp://open.demonii.com:1337&tr=udp://tracker.opentrackr.org:1337/announce&tr=udp://p4p.arenabg.com:1337&tr=wss://tracker.openwebtorrent.com&tr=wss://tracker.btorrent.xyz&tr=wss://tracker.fastcast.nz'],['https://pan.baidu.com/s/1c2auatU'],
http://diaodiaode.me/rss/feed/0,['[电视剧]信长的忍者：伊势·金崎篇信長の忍び〜伊勢・金ヶ崎篇〜'],['信长的忍者.伊势.金崎篇.第一季.20.中日双语.720p.HDTV.云光字幕组.mp4'],['ed2k://|file|信长的忍者.伊势.金崎篇.第一季.20.中日双语.720p.HDTV.云光字幕组.mp4|55972671|c9589e2bf6f61336bbd05621dc567db7|h=5qlmmkuf3vygfkffkcfbuvvaca73n3iu|/'],['magnet:?xt=urn:btih:3f7a6bc0bd85694359fcf4c199784089b343ca68&tr=udp://9.rarbg.to:2710/announce&tr=udp://9.rarbg.me:2710/announce&tr=http://tr.cili001.com:8070/announce&tr=http://tracker.trackerfix.com:80/announce&tr=udp://open.demonii.com:1337&tr=udp://tracker.opentrackr.org:1337/announce&tr=udp://p4p.arenabg.com:1337&tr=wss://tracker.openwebtorrent.com&tr=wss://tracker.btorrent.xyz&tr=wss://tracker.fastcast.nz'],['https://pan.baidu.com/s/1sl6xNUP'],
http://diaodiaode.me/rss/feed/0,['[电视剧]生活大爆炸The Big Bang Theory'],['The.Big.Bang.Theory.S11E09.HDTV.x264-SVA.mkv'],['ed2k://|file|The.Big.Bang.Theory.S11E09.HDTV.x264-SVA.mkv|155689612|BFADF325F7BCB09EC77E8320F69EBC88|h=HY4IOTMGTXMIG3F7F6NGIHX4EMDB3POY|/'],['magnet:?xt=urn:btih:f3824d9037a4843bb6c5adc5b2b63083ca812dff&dn=The.Big.Bang.Theory.S11E09.HDTV.x264-SVA%5Brartv%5D&tr=http%3A%2F%2Ftracker.trackerfix.com%3A80%2Fannounce&tr=udp%3A%2F%2F9.rarbg.me%3A2710&tr=udp%3A%2F%2F9.rarbg.to%3A2710'],[],
http://diaodiaode.me/rss/feed/0,['[电视剧]生活大爆炸The Big Bang Theory'],['The.Big.Bang.Theory.S11E09.720p.HDTV.x264-AVS.mkv'],['ed2k://|file|The.Big.Bang.Theory.S11E09.720p.HDTV.x264-AVS.mkv|556664376|5087B9FF2160C0CE70E638A7ABE132EC|h=GVRKKMA3GM6DDKF7OHI55PO4JZVFEOUY|/'],['magnet:?xt=urn:btih:8c506e55e1264847c098e67b6376b7d090eeff14&dn=The.Big.Bang.Theory.S11E09.720p.HDTV.x264-AVS%5Brartv%5D&tr=http%3A%2F%2Ftracker.trackerfix.com%3A80%2Fannounce&tr=udp%3A%2F%2F9.rarbg.me%3A2710&tr=udp%3A%2F%2F9.rarbg.to%3A2710'],[],
http://diaodiaode.me/rss/feed/0,['[电视剧]信长的忍者：伊势·金崎篇信長の忍び〜伊勢・金ヶ崎篇〜'],['信长的忍者.伊势.金崎篇.第一季.19.中日双语.720p.HDTV.云光字幕组.mp4'],['ed2k://|file|信长的忍者.伊势.金崎篇.第一季.19.中日双语.720p.HDTV.云光字幕组.mp4|55022264|52d8b9c39bd987ac136ba80693c154fe|h=5uro737h3odwi7gusxgdruiulb2mbeoj|/'],['magnet:?xt=urn:btih:0327ea99fb60bb84c145202269ed0e56403c159f&tr=udp://9.rarbg.to:2710/announce&tr=udp://9.rarbg.me:2710/announce&tr=http://tr.cili001.com:8070/announce&tr=http://tracker.trackerfix.com:80/announce&tr=udp://open.demonii.com:1337&tr=udp://tracker.opentrackr.org:1337/announce&tr=udp://p4p.arenabg.com:1337&tr=wss://tracker.openwebtorrent.com&tr=wss://tracker.btorrent.xyz&tr=wss://tracker.fastcast.nz'],['https://pan.baidu.com/s/1pLr8IXP'],
http://diaodiaode.me/rss/feed/0,['[电视剧]凶鬼恶灵Supernatural'],['Supernatural.S13E08.HDTV.x264-SVA.mkv'],['ed2k://|file|Supernatural.S13E08.HDTV.x264-SVA.mkv|232264421|0899E68776ADF16EE4441AC4095BF19D|h=UFWTIYBF37RZRTSOAUQ5Q76MINDOBR2K|/'],['magnet:?xt=urn:btih:7a25b285809e21e67499da3b273d13b6df64517c&dn=Supernatural.S13E08.HDTV.x264-SVA%5Brartv%5D&tr=http%3A%2F%2Ftracker.trackerfix.com%3A80%2Fannounce&tr=udp%3A%2F%2F9.rarbg.me%3A2710&tr=udp%3A%2F%2F9.rarbg.to%3A2710'],[],
http://diaodiaode.me/rss/feed/0,['[电视剧]凶鬼恶灵Supernatural'],['Supernatural.S13E08.720p.HDTV.x264-SVA.mkv'],['ed2k://|file|Supernatural.S13E08.720p.HDTV.x264-SVA.mkv|815991126|56E2A23F0D6D5B16F8597642BA009528|h=3JMBPONH4RIIHS6XDMVM63EPVC4Z3ZR3|/'],['magnet:?xt=urn:btih:568628227ff57062579354220ac3129477529314&dn=Supernatural.S13E08.720p.HDTV.x264-SVA%5Brartv%5D&tr=http%3A%2F%2Ftracker.trackerfix.com%3A80%2Fannounce&tr=udp%3A%2F%2F9.rarbg.me%3A2710&tr=udp%3A%2F%2F9.rarbg.to%3A2710'],[],
http://diaodiaode.me/rss/feed/0,['[电视剧]信长的忍者：伊势·金崎篇信長の忍び〜伊勢・金ヶ崎篇〜'],['信长的忍者.伊势.金崎篇.第一季.18.中日双语.720p.HDTV.云光字幕组.mp4'],['ed2k://|file|信长的忍者.伊势.金崎篇.第一季.18.中日双语.720p.HDTV.云光字幕组.mp4|56089956|67694bacaa7cb6b244af126ea67b86e5|h=q6peoyuwisszzbgebw6yclrgdeqh6ghw|/'],['magnet:?xt=urn:btih:7c537dd3e9903f97243b904bbacbdbad359dfca7&tr=udp://9.rarbg.to:2710/announce&tr=udp://9.rarbg.me:2710/announce&tr=http://tr.cili001.com:8070/announce&tr=http://tracker.trackerfix.com:80/announce&tr=udp://open.demonii.com:1337&tr=udp://tracker.opentrackr.org:1337/announce&tr=udp://p4p.arenabg.com:1337&tr=wss://tracker.openwebtorrent.com&tr=wss://tracker.btorrent.xyz&tr=wss://tracker.fastcast.nz'],['https://pan.baidu.com/s/1dE3Oau1'],
http://diaodiaode.me/rss/feed/0,['[电视剧]反恐特警队S.W.A.T.'],['S.W.A.T.2017.S01E05.HDTV.x264-KILLERS.mkv'],['ed2k://|file|S.W.A.T.2017.S01E05.HDTV.x264-KILLERS.mkv|326814139|03F30FA59A6B10B82872AB4BDCCBB813|h=POD6KHAODYWQOZQKYSBPSWUSXTDQ2JX7|/'],[],[],
http://diaodiaode.me/rss/feed/0,['[电视剧]反恐特警队S.W.A.T.'],['S.W.A.T.2017.S01E05.720p.HDTV.x264-KILLERS.mkv'],['ed2k://|file|S.W.A.T.2017.S01E05.720p.HDTV.x264-KILLERS.mkv|993700445|D56251D4EC5E3292FFCC28E668FBCA22|h=BBZMRVBVWQGWKV5SJM47T5PE2O5A2LDE|/'],[],[],
http://diaodiaode.me/rss/feed/0,['[电视剧]信长的忍者：伊势·金崎篇信長の忍び〜伊勢・金ヶ崎篇〜'],['信长的忍者.伊势.金崎篇.第一季.17.中日双语.720p.HDTV.云光字幕组.mp4'],['ed2k://|file|信长的忍者.伊势.金崎篇.第一季.17.中日双语.720p.HDTV.云光字幕组.mp4|56069795|14f6e03f934990e883b2836f08028e43|h=ex2jtsxxmtxqqo63yi4e6gpulwnkmwd4|/'],['magnet:?xt=urn:btih:37bb85abbcd8d61510edc19ec678f757cc2a6a6f&tr=udp://9.rarbg.to:2710/announce&tr=udp://9.rarbg.me:2710/announce&tr=http://tr.cili001.com:8070/announce&tr=http://tracker.trackerfix.com:80/announce&tr=udp://open.demonii.com:1337&tr=udp://tracker.opentrackr.org:1337/announce&tr=udp://p4p.arenabg.com:1337&tr=wss://tracker.openwebtorrent.com&tr=wss://tracker.btorrent.xyz&tr=wss://tracker.fastcast.nz'],['https://pan.baidu.com/s/1qYmgLOS'],
http://diaodiaode.me/rss/feed/0,['[电视剧]极品老妈Mom'],['Mom.S05E05.WEB.h264-CONVOY.mkv'],[],['magnet:?xt=urn:btih:0adeaa3a1521b19cd001d9afc4fbf30d29c9fbc0&dn=Mom.S05E05.WEB.h264-CONVOY%5Brartv%5D&tr=http%3A%2F%2Ftracker.trackerfix.com%3A80%2Fannounce&tr=udp%3A%2F%2F9.rarbg.me%3A2710&tr=udp%3A%2F%2F9.rarbg.to%3A2710'],[],
http://diaodiaode.me/rss/feed/0,['[电视剧]信长的忍者：伊势·金崎篇信長の忍び〜伊勢・金ヶ崎篇〜'],['信长的忍者.伊势.金崎篇.第一季.16.中日双语.720p.HDTV.云光字幕组.mp4'],['ed2k://|file|信长的忍者.伊势.金崎篇.第一季.16.中日双语.720p.HDTV.云光字幕组.mp4|56065387|b3f383a4d49dbc869c771a61fcbf80a4|h=t2t6sptdvx6cwrthsrvyjftyq3uq4vdr|/'],['magnet:?xt=urn:btih:f6619d0d12815820e4bc8e06d3611ae3316d89e3&tr=udp://9.rarbg.to:2710/announce&tr=udp://9.rarbg.me:2710/announce&tr=http://tr.cili001.com:8070/announce&tr=http://tracker.trackerfix.com:80/announce&tr=udp://open.demonii.com:1337&tr=udp://tracker.opentrackr.org:1337/announce&tr=udp://p4p.arenabg.com:1337&tr=wss://tracker.openwebtorrent.com&tr=wss://tracker.btorrent.xyz&tr=wss://tracker.fastcast.nz'],['https://pan.baidu.com/s/1bUsvPc'],
http://diaodiaode.me/rss/feed/0,['[电视剧]极品老妈Mom'],['Mom.S05E05.720p.WEB.h264-CONVOY.mkv'],[],['magnet:?xt=urn:btih:40080b60c769c0d5e59da417db2ff97fe3fe553e&dn=Mom.S05E05.720p.WEB.h264-CONVOY%5Brartv%5D&tr=http%3A%2F%2Ftracker.trackerfix.com%3A80%2Fannounce&tr=udp%3A%2F%2F9.rarbg.me%3A2710&tr=udp%3A%2F%2F9.rarbg.to%3A2710'],[],
http://diaodiaode.me/rss/feed/0,['[电视剧]生活点滴Life in Pieces'],['Life.in.Pieces.S03E05.HDTV.x264-KILLERS.mkv'],['ed2k://|file|Life.in.Pieces.S03E05.HDTV.x264-KILLERS.mkv|173171986|81B1DB2096104878B26018853D559D9A|h=QDDT4B5KSFWL6IFHS5YM7ONDAXA5LUYI|/'],['magnet:?xt=urn:btih:15da583917855b507924739bd3a38790ef539a39&dn=Life.in.Pieces.S03E05.HDTV.x264-KILLERS%5Brartv%5D&tr=http%3A%2F%2Ftracker.trackerfix.com%3A80%2Fannounce&tr=udp%3A%2F%2F9.rarbg.me%3A2710&tr=udp%3A%2F%2F9.rarbg.to%3A2710'],[],
http://diaodiaode.me/rss/feed/0,['[电视剧]信长的忍者：伊势·金崎篇信長の忍び〜伊勢・金ヶ崎篇〜'],['信长的忍者.伊势.金崎篇.第一季.15.中日双语.720p.HDTV.云光字幕组.mp4'],['ed2k://|file|信长的忍者.伊势.金崎篇.第一季.15.中日双语.720p.HDTV.云光字幕组.mp4|55792100|52ef510b3c89fc373f6cf5d4924b3928|h=p2gkoj6iui6k6mrijtvy3gc2vr6e366w|/'],['magnet:?xt=urn:btih:143cb75f9465a454effa7916d74fa25081d11c93&tr=udp://9.rarbg.to:2710/announce&tr=udp://9.rarbg.me:2710/announce&tr=http://tr.cili001.com:8070/announce&tr=http://tracker.trackerfix.com:80/announce&tr=udp://open.demonii.com:1337&tr=udp://tracker.opentrackr.org:1337/announce&tr=udp://p4p.arenabg.com:1337&tr=wss://tracker.openwebtorrent.com&tr=wss://tracker.btorrent.xyz&tr=wss://tracker.fastcast.nz'],['https://pan.baidu.com/s/1bGfeKu'],
http://diaodiaode.me/rss/feed/0,['[电视剧]生活点滴Life in Pieces'],['Life.in.Pieces.S03E05.720p.HDTV.x264-KILLERS.mkv'],['ed2k://|file|Life.in.Pieces.S03E05.720p.HDTV.x264-KILLERS.mkv|585517118|BDC7F536F86B9FCC23FEAB1DA36A97ED|h=PM34DTZBXYLVHMISPZGHXOYMFVLO7B5K|/'],['magnet:?xt=urn:btih:870cf9fb30affa5361488f50e9c7d5be27e742c3&dn=Life.in.Pieces.S03E05.720p.HDTV.x264-KILLERS%5Brartv%5D&tr=http%3A%2F%2Ftracker.trackerfix.com%3A80%2Fannounce&tr=udp%3A%2F%2F9.rarbg.me%3A2710&tr=udp%3A%2F%2F9.rarbg.to%3A2710'],[],
http://diaodiaode.me/rss/feed/0,['[电视剧]哥谭Gotham'],['Gotham.S04E10.HDTV.x264-SVA.mkv'],['ed2k://|file|Gotham.S04E10.HDTV.x264-SVA.mkv|260375938|901CFEA6D7EA7AD584A11029B60BEBFC|h=MJME7IAQI7IA5TB5Q4VL6LBUOXNE2LLU|/'],['magnet:?xt=urn:btih:1e3afb8e937d781d476a7a502862abd556c66b6b&dn=Gotham.S04E10.HDTV.x264-SVA%5Brartv%5D&tr=http%3A%2F%2Ftracker.trackerfix.com%3A80%2Fannounce&tr=udp%3A%2F%2F9.rarbg.me%3A2710&tr=udp%3A%2F%2F9.rarbg.to%3A2710'],[],
http://diaodiaode.me/rss/feed/0,['[电视剧]哥谭Gotham'],['Gotham.S04E10.720p.HDTV.x264-AVS.mkv'],['ed2k://|file|Gotham.S04E10.720p.HDTV.x264-AVS.mkv|1085576111|85FD68A53C002131609F899412EA3AC4|h=FG3IFIAF7K7ZICYRRBQWCRTTIOOMPHPF|/'],['magnet:?xt=urn:btih:253f47640c7674ab2736604385d41e1bc53da0ce&dn=Gotham.S04E10.720p.HDTV.x264-AVS%5Brartv%5D&tr=http%3A%2F%2Ftracker.trackerfix.com%3A80%2Fannounce&tr=udp%3A%2F%2F9.rarbg.me%3A2710&tr=udp%3A%2F%2F9.rarbg.to%3A2710'],[],
http://diaodiaode.me/rss/feed/0,['[电视剧]灵战Ghost Wars'],['Ghost.Wars.S01E08.WEBRip.x264-TBS.mkv'],[],['magnet:?xt=urn:btih:51e3e1b073e3806b56f8eebc04c8d88f51e5a7bd&dn=Ghost.Wars.S01E08.WEBRip.x264-TBS%5Brartv%5D&tr=http%3A%2F%2Ftracker.trackerfix.com%3A80%2Fannounce&tr=udp%3A%2F%2F9.rarbg.me%3A2710&tr=udp%3A%2F%2F9.rarbg.to%3A2710'],[],
http://diaodiaode.me/rss/feed/0,['[电视剧]灵战Ghost Wars'],['Ghost.Wars.S01E08.720p.WEBRip.x264-TBS.mkv'],[],['magnet:?xt=urn:btih:ff1977dd5471b1cc8b25cecfebe6b5872b17c7da&dn=Ghost.Wars.S01E08.720p.WEBRip.x264-TBS%5Brartv%5D&tr=http%3A%2F%2Ftracker.trackerfix.com%3A80%2Fannounce&tr=udp%3A%2F%2F9.rarbg.me%3A2710&tr=udp%3A%2F%2F9.rarbg.to%3A2710'],[],
http://diaodiaode.me/rss/feed/0,['[电视剧]维京传奇Vikings'],['vikings.s05e00.a.new.world.hdtv.x264-crooks.mkv'],['ed2k://|file|vikings.s05e00.a.new.world.hdtv.x264-crooks.mkv|269178910|E74D6301A11A7413B5E82E6B338BEE5C|h=KQZPK3ML5RJ4IHESKA7EVJVD74SLZ6YV|/'],['magnet:?xt=urn:btih:0661cadee8c3b98d7e378d5cb90e4baf7d5780bf&dn=Vikings.S05E00.A.New.World.HDTV.x264-CROOKS%5Brartv%5D&tr=http%3A%2F%2Ftracker.trackerfix.com%3A80%2Fannounce&tr=udp%3A%2F%2F9.rarbg.me%3A2710&tr=udp%3A%2F%2F9.rarbg.to%3A2710'],[],
http://diaodiaode.me/rss/feed/0,['[电视剧]维京传奇Vikings'],['vikings.s05e00.a.new.world.720p.hdtv.x264-crooks.mkv'],['ed2k://|file|vikings.s05e00.a.new.world.720p.hdtv.x264-crooks.mkv|917979585|35397501D4E89A639257E602CC8D93A3|h=PNJ2TBR7XTN5JMSMY5KCMBNPM4L65WCB|/'],['magnet:?xt=urn:btih:372366e433fb26a3f25960e1f433e272c8d1155b&dn=Vikings.S05E00.A.New.World.720p.HDTV.x264-CROOKS%5Brartv%5D&tr=http%3A%2F%2Ftracker.trackerfix.com%3A80%2Fannounce&tr=udp%3A%2F%2F9.rarbg.me%3A2710&tr=udp%3A%2F%2F9.rarbg.to%3A2710'],[],
http://diaodiaode.me/rss/feed/0,['[电视剧]维京传奇Vikings'],['Vikings.S05E01-E02.HDTV.x264-KILLERS.mkv'],['ed2k://|file|Vikings.S05E01-E02.HDTV.x264-KILLERS.mkv|630498758|C4109114E2CD33CD251913A5C0C4B0CF|h=CQ7SJV63FVWMQEVNJKTGHEHERFTL66MA|/'],['magnet:?xt=urn:btih:dc6ff36b1c25ae86cbefca329d957d96fc854da8&dn=Vikings.S05E01-E02.HDTV.x264-KILLERS%5Brartv%5D&tr=http%3A%2F%2Ftracker.trackerfix.com%3A80%2Fannounce&tr=udp%3A%2F%2F9.rarbg.me%3A2710&tr=udp%3A%2F%2F9.rarbg.to%3A2710'],[],
http://diaodiaode.me/rss/feed/0,['[电视剧]维京传奇Vikings'],['Vikings.S05E01-E02.720p.HDTV.x264-KILLERS.mkv'],['ed2k://|file|Vikings.S05E01-E02.720p.HDTV.x264-KILLERS.mkv|1996551573|2B795304AD0DB2D5717601EB686F489B|h=BGWTT4CKN7DUKFQN4B32AVU5UPFLGHMZ|/'],['magnet:?xt=urn:btih:f1cefd00fd6e126094aaf66916234e13955af2d4&dn=Vikings.S05E01-E02.720p.HDTV.x264-KILLERS%5Brartv%5D&tr=http%3A%2F%2Ftracker.trackerfix.com%3A80%2Fannounce&tr=udp%3A%2F%2F9.rarbg.me%3A2710&tr=udp%3A%2F%2F9.rarbg.to%3A2710'],[],
http://diaodiaode.me/rss/feed/0,['[电视剧]新宿SEVENSHINJUKU SEVEN'],['新宿SEVEN.SHINJUKU.SEVEN.Ep08.Chi_Jap.HDTVrip.1280X720.mp4'],['ed2k://|file|新宿SEVEN.SHINJUKU.SEVEN.Ep08.Chi_Jap.HDTVrip.1280X720.mp4|393011270|e88b6006e4dabe42d11cb462c59badc7|h=dsov6dy5jn2hmzwhp6pwoi4pvlxadltg|/'],['magnet:?xt=urn:btih:7aa28557b548c895a35d0d6155b49f229917f004&tr=udp://9.rarbg.to:2710/announce&tr=udp://9.rarbg.me:2710/announce&tr=http://tr.cili001.com:8070/announce&tr=http://tracker.trackerfix.com:80/announce&tr=udp://open.demonii.com:1337&tr=udp://tracker.opentrackr.org:1337/announce&tr=udp://p4p.arenabg.com:1337&tr=wss://tracker.openwebtorrent.com&tr=wss://tracker.btorrent.xyz&tr=wss://tracker.fastcast.nz'],['https://pan.baidu.com/s/1pLfx9Ej'],
http://diaodiaode.me/rss/feed/0,['[电视剧]金色年代The Goldbergs'],['The.Goldbergs.2013.S05E08.HDTV.x264-SVA.mkv'],['ed2k://|file|The.Goldbergs.2013.S05E08.HDTV.x264-SVA.mkv|195978800|0E8359F8048BCC54B2224648FD472D11|h=4647HZ4CSD7VQG4BWF6FHWAREAAMXKTA|/'],['magnet:?xt=urn:btih:db890cc6ea9192d55b61fcf8aaccf6a38b1e9ae1&dn=The.Goldbergs.2013.S05E08.HDTV.x264-SVA%5Brartv%5D&tr=http%3A%2F%2Ftracker.trackerfix.com%3A80%2Fannounce&tr=udp%3A%2F%2F9.rarbg.me%3A2710&tr=udp%3A%2F%2F9.rarbg.to%3A2710'],[],
http://diaodiaode.me/rss/feed/0,['[电视剧]金色年代The Goldbergs'],['The.Goldbergs.2013.S05E08.720p.HDTV.x264-AVS.mkv'],['ed2k://|file|The.Goldbergs.2013.S05E08.720p.HDTV.x264-AVS.mkv|704841245|6BD5E0DF32102CBAF1FE10A65ABB5849|h=CMBHPUAXXOLQBYMUIQC47ZH5CJAGBG6Z|/'],['magnet:?xt=urn:btih:6223eb7035e9213e23d853f50aa83f0adc1a1af5&dn=The.Goldbergs.2013.S05E08.720p.HDTV.x264-AVS%5Brartv%5D&tr=http%3A%2F%2Ftracker.trackerfix.com%3A80%2Fannounce&tr=udp%3A%2F%2F9.rarbg.me%3A2710&tr=udp%3A%2F%2F9.rarbg.to%3A2710'],[],
http://diaodiaode.me/rss/feed/0,['[电视剧]无言有爱Speechless'],['Speechless.S02E08.HDTV.x264-KILLERS.mkv'],['ed2k://|file|Speechless.S02E08.HDTV.x264-KILLERS.mkv|174596835|A57D0096AB9D0D36D55EE019D92C3298|h=KY6WE5UKI5PAUR5C7E6HIXR3FT6XF2WH|/'],['magnet:?xt=urn:btih:6e72dcb9a4bcf488cb1bd441457beb7a98b18890&dn=Speechless.S02E08.HDTV.x264-KILLERS%5Brartv%5D&tr=http%3A%2F%2Ftracker.trackerfix.com%3A80%2Fannounce&tr=udp%3A%2F%2F9.rarbg.me%3A2710&tr=udp%3A%2F%2F9.rarbg.to%3A2710'],[],
http://diaodiaode.me/rss/feed/0,['[电视剧]无言有爱Speechless'],['Speechless.S02E08.720p.HDTV.x264-KILLERS.mkv'],['ed2k://|file|Speechless.S02E08.720p.HDTV.x264-KILLERS.mkv|652172463|A212F042D52A1EA05727D2E133C896C6|h=3NWCJPBWLWY3C5IZSVF2J5W4CVDELAGC|/'],['magnet:?xt=urn:btih:665f3373239f041d7711b29a9df7b05f45bc409c&dn=Speechless.S02E08.720p.HDTV.x264-KILLERS%5Brartv%5D&tr=http%3A%2F%2Ftracker.trackerfix.com%3A80%2Fannounce&tr=udp%3A%2F%2F9.rarbg.me%3A2710&tr=udp%3A%2F%2F9.rarbg.to%3A2710'],[],
http://diaodiaode.me/rss/feed/0,['[电视剧]南方公园South Park'],['South.Park.S21E09.HDTV.x264-SVA.mkv'],['ed2k://|file|South.Park.S21E09.HDTV.x264-SVA.mkv|83376837|A6D9F9CB1EFA30F11FB3529CFBC8C7F7|h=O4YINUV3WDUNMM6UXEBG6THQVWIAIDT4|/'],['magnet:?xt=urn:btih:8e885a556224619508ba39e6a13b4ddfc0bf4464&dn=South.Park.S21E09.HDTV.x264-SVA%5Brartv%5D&tr=http%3A%2F%2Ftracker.trackerfix.com%3A80%2Fannounce&tr=udp%3A%2F%2F9.rarbg.me%3A2710&tr=udp%3A%2F%2F9.rarbg.to%3A2710'],[],
http://diaodiaode.me/rss/feed/0,['[电视剧]南方公园South Park'],['South.Park.S21E09.720p.HDTV.x264-AVS.mkv'],['ed2k://|file|South.Park.S21E09.720p.HDTV.x264-AVS.mkv|300294207|4CFD214EF55EFBCB012C0148FF392CC2|h=NQ2TIIS3MQETCY3ZRTWF6VOUMVOJT4YK|/'],['magnet:?xt=urn:btih:260963c854292f0d7e1f603ef6ceec9bc9c2de10&dn=South.Park.S21E09.720p.HDTV.x264-AVS%5Brartv%5D&tr=http%3A%2F%2Ftracker.trackerfix.com%3A80%2Fannounce&tr=udp%3A%2F%2F9.rarbg.me%3A2710&tr=udp%3A%2F%2F9.rarbg.to%3A2710'],[],
http://diaodiaode.me/rss/feed/0,['[电视剧]河谷镇Riverdale'],['Riverdale.US.S02E07.HDTV.x264-SVA.mkv'],['ed2k://|file|Riverdale.US.S02E07.HDTV.x264-SVA.mkv|198434820|AEFFEFC2895AB797F6C883865A78906D|h=IGIAH7Z3KWT7RP3ZG7RIKH6CGHWOABUU|/'],['magnet:?xt=urn:btih:5eebbfaa7b0bb4afb9e8f455cc4c05bd8761511a&dn=Riverdale.US.S02E07.HDTV.x264-SVA%5Brartv%5D&tr=http%3A%2F%2Ftracker.trackerfix.com%3A80%2Fannounce&tr=udp%3A%2F%2F9.rarbg.me%3A2710&tr=udp%3A%2F%2F9.rarbg.to%3A2710'],[],
http://diaodiaode.me/rss/feed/0,['[电视剧]河谷镇Riverdale'],['Riverdale.US.S02E07.720p.HDTV.x264-AVS.mkv'],['ed2k://|file|Riverdale.US.S02E07.720p.HDTV.x264-AVS.mkv|788652328|1800C1953DEC58C14CF1FF7D6B2FBE6D|h=BQUWZQWOPZJAVBXKYBM3O7EMHPEU6F4O|/'],['magnet:?xt=urn:btih:214a3acc80f25a008f3f1f0e446f2af90016142a&dn=Riverdale.US.S02E07.720p.HDTV.x264-AVS%5Brartv%5D&tr=http%3A%2F%2Ftracker.trackerfix.com%3A80%2Fannounce&tr=udp%3A%2F%2F9.rarbg.me%3A2710&tr=udp%3A%2F%2F9.rarbg.to%3A2710'],[],
http://diaodiaode.me/rss/feed/0,['[电视剧]浴血黑帮Peaky Blinders'],['Peaky.Blinders.S04E03.HDTV.x264-BRISK.mkv'],['ed2k://|file|Peaky.Blinders.S04E03.HDTV.x264-BRISK.mkv|287166763|C2C751FEB0482AE090342009ACCE70D5|h=FH5LMJ2IOY4G5MYJI5Q7FEDZDDFUE3UC|/'],['magnet:?xt=urn:btih:826f5878528fbec0aaed58f95829e18cd8a4c2cc&dn=Peaky.Blinders.S04E03.HDTV.x264-BRISK%5Brartv%5D&tr=http%3A%2F%2Ftracker.trackerfix.com%3A80%2Fannounce&tr=udp%3A%2F%2F9.rarbg.me%3A2710&tr=udp%3A%2F%2F9.rarbg.to%3A2710'],[],
http://diaodiaode.me/rss/feed/0,['[电视剧]浴血黑帮Peaky Blinders'],['Peaky.Blinders.S04E03.720p.HDTV.x264-BRISK.mkv'],['ed2k://|file|Peaky.Blinders.S04E03.720p.HDTV.x264-BRISK.mkv|859164434|280CB52910196665B5B73F3A35A08C13|h=XSB4BNFZXOWDUMIMOW66OEQCTHU76DUJ|/'],['magnet:?xt=urn:btih:4406f6fa091b6b6e613487d99282dc697f3dd658&dn=Peaky.Blinders.S04E03.720p.HDTV.x264-BRISK%5Brartv%5D&tr=http%3A%2F%2Ftracker.trackerfix.com%3A80%2Fannounce&tr=udp%3A%2F%2F9.rarbg.me%3A2710&tr=udp%3A%2F%2F9.rarbg.to%3A2710'],[],
http://diaodiaode.me/rss/feed/0,['[电视剧]黑客军团Mr. Robot'],['Mr.Robot.S03E08.HDTV.x264-SVA.mkv'],['ed2k://|file|Mr.Robot.S03E08.HDTV.x264-SVA.mkv|156264245|964ACD767BFE58F70BFAAEAADDB451B9|h=LY4TXHDGDNOYTBPFRUC7SM2R3KZOCUJP|/'],['magnet:?xt=urn:btih:cbffbccec15da8c863d0e7fc6955d560baf45ae6&dn=Mr.Robot.S03E08.HDTV.x264-SVA%5Brartv%5D&tr=http%3A%2F%2Ftracker.trackerfix.com%3A80%2Fannounce&tr=udp%3A%2F%2F9.rarbg.me%3A2710&tr=udp%3A%2F%2F9.rarbg.to%3A2710'],[],
http://diaodiaode.me/rss/feed/0,['[电视剧]黑客军团Mr. Robot'],['Mr.Robot.S03E08.720p.HDTV.x264-AVS.mkv'],['ed2k://|file|Mr.Robot.S03E08.720p.HDTV.x264-AVS.mkv|587388065|DA1961967F8140034CEADCD5A5873B2A|h=46GVBWDTBWHZFCX4FJSLXYBNWDW2WQL5|/'],['magnet:?xt=urn:btih:f44c5192084b1d9d941192478bfe3aea952fd448&dn=Mr.Robot.S03E08.720p.HDTV.x264-AVS%5Brartv%5D&tr=http%3A%2F%2Ftracker.trackerfix.com%3A80%2Fannounce&tr=udp%3A%2F%2F9.rarbg.me%3A2710&tr=udp%3A%2F%2F9.rarbg.to%3A2710'],[],
http://diaodiaode.me/rss/feed/0,['[电视剧]摩登家庭Modern Family'],['Modern.Family.S09E08.HDTV.x264-SVA.mkv'],['ed2k://|file|Modern.Family.S09E08.HDTV.x264-SVA.mkv|190635882|4B8BF3B2F8FD998C26A7B1749EA1AED8|h=YGIRJIUKWGUGI56C7SPODF3FZ2BW6NC3|/'],['magnet:?xt=urn:btih:3bc3c23eb9c6167713d8b462b728e19b9f7abff9&dn=Modern.Family.S09E08.HDTV.x264-SVA%5Brartv%5D&tr=http%3A%2F%2Ftracker.trackerfix.com%3A80%2Fannounce&tr=udp%3A%2F%2F9.rarbg.me%3A2710&tr=udp%3A%2F%2F9.rarbg.to%3A2710'],[],
http://diaodiaode.me/rss/feed/0,['[电视剧]摩登家庭Modern Family'],['Modern.Family.S09E08.720p.HDTV.x264-AVS.mkv'],['ed2k://|file|Modern.Family.S09E08.720p.HDTV.x264-AVS.mkv|672023791|8D270397A9FACE19632A734156BEF794|h=J4537U4JCYEQK6KPDFQHFTIEVHZELCBV|/'],['magnet:?xt=urn:btih:f9eb72a9665b14483c98b77947c783a15558de87&dn=Modern.Family.S09E08.720p.HDTV.x264-AVS%5Brartv%5D&tr=http%3A%2F%2Ftracker.trackerfix.com%3A80%2Fannounce&tr=udp%3A%2F%2F9.rarbg.me%3A2710&tr=udp%3A%2F%2F9.rarbg.to%3A2710'],[],
http://diaodiaode.me/rss/feed/0,['[电视剧]法律与秩序：特殊受害者Law And Order：SVU'],['Law.and.Order.SVU.S19E07.HDTV.x264-SVA.mkv'],['ed2k://|file|Law.and.Order.SVU.S19E07.HDTV.x264-SVA.mkv|203134667|36BF8886BD529145016973E930A4FB7A|h=AXH7C53GRZ4QCTVUKZAHMFHZTQKG3EPQ|/'],['magnet:?xt=urn:btih:28675f12b5eec61612a8ba37d50fca0fe7aa7426&dn=Law.and.Order.SVU.S19E07.HDTV.x264-SVA%5Brartv%5D&tr=http%3A%2F%2Ftracker.trackerfix.com%3A80%2Fannounce&tr=udp%3A%2F%2F9.rarbg.me%3A2710&tr=udp%3A%2F%2F9.rarbg.to%3A2710'],[],
http://diaodiaode.me/rss/feed/0,['[电视剧]法律与秩序：特殊受害者Law And Order：SVU'],['Law.and.Order.SVU.S19E07.720p.HDTV.x264-AVS.mkv'],['ed2k://|file|Law.and.Order.SVU.S19E07.720p.HDTV.x264-AVS.mkv|898970770|27FC5B1C3489D93B9DBD49DA217D3AF2|h=EEZUCCJ3CESVM4RHBVODXNEOKREY3ZCB|/'],['magnet:?xt=urn:btih:c81e0730e2a69036f55508a51ef28e9761829679&dn=Law.and.Order.SVU.S19E07.720p.HDTV.x264-AVS%5Brartv%5D&tr=http%3A%2F%2Ftracker.trackerfix.com%3A80%2Fannounce&tr=udp%3A%2F%2F9.rarbg.me%3A2710&tr=udp%3A%2F%2F9.rarbg.to%3A2710'],[],
http://diaodiaode.me/rss/feed/0,['[电视剧]嘻哈帝国Empire'],['Empire.2015.S04E07.HDTV.x264-SVA.mkv'],['ed2k://|file|Empire.2015.S04E07.HDTV.x264-SVA.mkv|301466914|8082B98532EBF5DC20A44B717E52EF85|h=7OEIFPWQY7ZTXOLDFSZ7AIVHJQP4KEHJ|/'],['magnet:?xt=urn:btih:5ce41beae3bf9fbf6b1d137fc02c11b3f2dc301e&dn=Empire.2015.S04E07.HDTV.x264-SVA%5Brartv%5D&tr=http%3A%2F%2Ftracker.trackerfix.com%3A80%2Fannounce&tr=udp%3A%2F%2F9.rarbg.me%3A2710&tr=udp%3A%2F%2F9.rarbg.to%3A2710'],[],
http://diaodiaode.me/rss/feed/0,['[电视剧]嘻哈帝国Empire'],['Empire.2015.S04E07.720p.HDTV.x264-AVS.mkv'],['ed2k://|file|Empire.2015.S04E07.720p.HDTV.x264-AVS.mkv|1259725764|13F7DAAE3497D61D4240A6D530FDC406|h=QMGR5EECS34DHXVYQ6YT3I5AF3B32BXE|/'],['magnet:?xt=urn:btih:214ec87f809f5ca50f36be79e27466654b525d4b&dn=Empire.2015.S04E07.720p.HDTV.x264-AVS%5Brartv%5D&tr=http%3A%2F%2Ftracker.trackerfix.com%3A80%2Fannounce&tr=udp%3A%2F%2F9.rarbg.me%3A2710&tr=udp%3A%2F%2F9.rarbg.to%3A2710'],[],
http://diaodiaode.me/rss/feed/0,['[电视剧]指定幸存者Designated Survivor'],['Designated.Survivor.S02E08.HDTV.x264-KILLERS.mkv'],['ed2k://|file|Designated.Survivor.S02E08.HDTV.x264-KILLERS.mkv|250329589|D88AD283B597AA805BD686951C54784C|h=5EAE6ICLRKPWFEBVYQQRPXHYXOMJTV6Q|/'],['magnet:?xt=urn:btih:b054dfbba46d60b018218593d339571c5bf871ba&dn=Designated.Survivor.S02E08.HDTV.x264-KILLERS%5Brartv%5D&tr=http%3A%2F%2Ftracker.trackerfix.com%3A80%2Fannounce&tr=udp%3A%2F%2F9.rarbg.me%3A2710&tr=udp%3A%2F%2F9.rarbg.to%3A2710'],[],
http://diaodiaode.me/rss/feed/0,['[电视剧]指定幸存者Designated Survivor'],['Designated.Survivor.S02E08.720p.HDTV.x264-KILLERS.mkv'],['ed2k://|file|Designated.Survivor.S02E08.720p.HDTV.x264-KILLERS.mkv|833121888|3A86518D0F516F85B789D688B41FAAB6|h=BE4Z33OAMK5KS26G2RNVYIGTLCFP3IHV|/'],['magnet:?xt=urn:btih:127a474847b0b106da58239b539f81a5ac1578a5&dn=Designated.Survivor.S02E08.720p.HDTV.x264-KILLERS%5Brartv%5D&tr=http%3A%2F%2Ftracker.trackerfix.com%3A80%2Fannounce&tr=udp%3A%2F%2F9.rarbg.me%3A2710&tr=udp%3A%2F%2F9.rarbg.to%3A2710'],[],
http://diaodiaode.me/rss/feed/0,['[电视剧]芝加哥警署Chicago P.D.'],['Chicago.PD.S05E08.HDTV.x264-KILLERS.mkv'],['ed2k://|file|Chicago.PD.S05E08.HDTV.x264-KILLERS.mkv|285592928|06F0FB7E0C45D1197E95AE0FECA69557|h=S22EA2MQ7CN7B527HVPBNQMXWXAZX4GM|/'],['magnet:?xt=urn:btih:e2c8d2ca41329ce7cd134b6244062eca5355dd7c&dn=Chicago.PD.S05E08.HDTV.x264-KILLERS%5Brartv%5D&tr=http%3A%2F%2Ftracker.trackerfix.com%3A80%2Fannounce&tr=udp%3A%2F%2F9.rarbg.me%3A2710&tr=udp%3A%2F%2F9.rarbg.to%3A2710'],[],
http://diaodiaode.me/rss/feed/0,['[电视剧]芝加哥警署Chicago P.D.'],['Chicago.PD.S05E08.720p.HDTV.x264-KILLERS.mkv'],['ed2k://|file|Chicago.PD.S05E08.720p.HDTV.x264-KILLERS.mkv|926837892|50F5BB1A6A796EDDC341147E462DAEB1|h=RATGGM4ALBWD67LED4D4Q7C2GOJUHIQY|/'],['magnet:?xt=urn:btih:10c73fc755bb5dd17a517c111867965a6b6b9224&dn=Chicago.PD.S05E08.720p.HDTV.x264-KILLERS%5Brartv%5D&tr=http%3A%2F%2Ftracker.trackerfix.com%3A80%2Fannounce&tr=udp%3A%2F%2F9.rarbg.me%3A2710&tr=udp%3A%2F%2F9.rarbg.to%3A2710'],[],
http://diaodiaode.me/rss/feed/0,['[电视剧]钱斯医生Chance'],['Chance.S02E10.WEB.h264-TBS.mkv'],[],['magnet:?xt=urn:btih:85456f23aed690e5f044e7831d404e27a4eef859&dn=Chance.S02E10.WEB.h264-TBS%5Brartv%5D&tr=http%3A%2F%2Ftracker.trackerfix.com%3A80%2Fannounce&tr=udp%3A%2F%2F9.rarbg.me%3A2710&tr=udp%3A%2F%2F9.rarbg.to%3A2710'],[],
http://diaodiaode.me/rss/feed/0,['[电视剧]钱斯医生Chance'],['chance.s02e10.720p.web.h264-tbs.mkv'],['ed2k://|file|chance.s02e10.720p.web.h264-tbs.mkv|898834453|89FB44A0F45C79E54CC0CFFF268D1DAA|h=44HXU5KUBKLP4FFZWYZLIMG25SZEZAAP|/'],['magnet:?xt=urn:btih:12b11ad8a3de3ea77586156f5e80f815b1a634d5&dn=Chance.S02E10.720p.WEB.h264-TBS%5Brartv%5D&tr=http%3A%2F%2Ftracker.trackerfix.com%3A80%2Fannounce&tr=udp%3A%2F%2F9.rarbg.me%3A2710&tr=udp%3A%2F%2F9.rarbg.to%3A2710'],[],
http://diaodiaode.me/rss/feed/0,['[电视剧]大城小妞Broad City'],['broad.city.0409-yestv.mkv'],['ed2k://|file|broad.city.0409-yestv.mkv|174593007|B00BAED26B96A0F93739AF406176FA50|h=DZK3NCBXV6HWYZEWZB7E2EZJKZJIT26F|/'],['magnet:?xt=urn:btih:087ea6ebe0b8118d66fc87320e3d69e15d498793&dn=Broad.City.S04E09.HDTV.x264-YesTV%5Brartv%5D&tr=http%3A%2F%2Ftracker.trackerfix.com%3A80%2Fannounce&tr=udp%3A%2F%2F9.rarbg.me%3A2710&tr=udp%3A%2F%2F9.rarbg.to%3A2710'],[],
http://diaodiaode.me/rss/feed/0,['[电视剧]大城小妞Broad City'],['broad.city.s04e09.720p.web.x264-tbs.mkv'],['ed2k://|file|broad.city.s04e09.720p.web.x264-tbs.mkv|430230303|56915C6380FC2D7137BEA2BC9CE983EF|h=QJAJTULDITXC2X2GKSFCR6ZTZDTYESPX|/'],['magnet:?xt=urn:btih:d9dac2ad903e07dcd085c81fac8830a671037df6&dn=Broad.City.S04E09.720p.WEB.x264-TBS%5Brartv%5D&tr=http%3A%2F%2Ftracker.trackerfix.com%3A80%2Fannounce&tr=udp%3A%2F%2F9.rarbg.me%3A2710&tr=udp%3A%2F%2F9.rarbg.to%3A2710'],[],
http://diaodiaode.me/rss/feed/0,['[电视剧]美式主妇 American Housewife '],['American.Housewife.S02E08.HDTV.x264-SVA.mkv'],['ed2k://|file|American.Housewife.S02E08.HDTV.x264-SVA.mkv|170503305|C6B951C946CE1A1B4D74435BA38EE038|h=VILJLVA6V2OZXX3VO4SBAFK4M36W2PMQ|/'],['magnet:?xt=urn:btih:8b2a219a5a0431e67a3e9f011e4b9d107675eeb2&dn=American.Housewife.S02E08.HDTV.x264-SVA%5Brartv%5D&tr=http%3A%2F%2Ftracker.trackerfix.com%3A80%2Fannounce&tr=udp%3A%2F%2F9.rarbg.me%3A2710&tr=udp%3A%2F%2F9.rarbg.to%3A2710'],[],
http://diaodiaode.me/rss/feed/0,['[电视剧]美式主妇 American Housewife '],['American.Housewife.S02E08.720p.HDTV.x264-AVS.mkv'],['ed2k://|file|American.Housewife.S02E08.720p.HDTV.x264-AVS.mkv|642463470|909E593F35AD82E69CC6A58BE0E68FDE|h=BW7PVPOFFKNKAKNKEOUWQU4RHKHFVLUO|/'],['magnet:?xt=urn:btih:274dba0c1b3c6f633e7bd4668e26b15fd7d83bc5&dn=American.Housewife.S02E08.720p.HDTV.x264-AVS%5Brartv%5D&tr=http%3A%2F%2Ftracker.trackerfix.com%3A80%2Fannounce&tr=udp%3A%2F%2F9.rarbg.me%3A2710&tr=udp%3A%2F%2F9.rarbg.to%3A2710'],[],
http://diaodiaode.me/rss/feed/0,['[电视剧]太太请小心轻放Okusama wa Toriatsukai Chuui'],['太太请小心轻放.Okusama.wa.Toriatsukai.Chuui.Ep09.Chi_Jap.HDTVrip.1280X720.mp4'],['ed2k://|file|太太请小心轻放.Okusama.wa.Toriatsukai.Chuui.Ep09.Chi_Jap.HDTVrip.1280X720.mp4|663738231|4dfdec934eba49298a7dc13c51ba3f7c|h=dtul7ar776idq5dhcjvqr3zaff4cshbs|/'],['magnet:?xt=urn:btih:b2cdf33ded047b174452b1c1f2488e3192b4e0a7&tr=udp://9.rarbg.to:2710/announce&tr=udp://9.rarbg.me:2710/announce&tr=http://tr.cili001.com:8070/announce&tr=http://tracker.trackerfix.com:80/announce&tr=udp://open.demonii.com:1337&tr=udp://tracker.opentrackr.org:1337/announce&tr=udp://p4p.arenabg.com:1337&tr=wss://tracker.openwebtorrent.com&tr=wss://tracker.btorrent.xyz&tr=wss://tracker.fastcast.nz'],['https://pan.baidu.com/s/1hsvQPww'],
http://diaodiaode.me/rss/feed/0,['[电视剧]暗Dark'],['Dark.S01E08.720p.WEBRip.x264-STRiFE'],[],['magnet:?xt=urn:btih:9f6b5173bb77d02a3baa739ce1df08ba279977a4&dn=Dark.S01E08.720p.WEBRip.x264-STRiFE%5Brartv%5D&tr=http%3A%2F%2Ftracker.trackerfix.com%3A80%2Fannounce&tr=udp%3A%2F%2F9.rarbg.me%3A2710&tr=udp%3A%2F%2F9.rarbg.to%3A2710'],[],
http://diaodiaode.me/rss/feed/0,['[电视剧]暗Dark'],['Dark.S01E10.720p.WEBRip.x264-STRiFE'],[],['magnet:?xt=urn:btih:c0a10f5d29b99f99b59ebfe01c38ed27a5a746a7&dn=Dark.S01E10.720p.WEBRip.x264-STRiFE%5Brartv%5D&tr=http%3A%2F%2Ftracker.trackerfix.com%3A80%2Fannounce&tr=udp%3A%2F%2F9.rarbg.me%3A2710&tr=udp%3A%2F%2F9.rarbg.to%3A2710'],[],
http://diaodiaode.me/rss/feed/0,['[电视剧]暗Dark'],['Dark.S01E09.720p.WEBRip.x264-STRiFE'],[],['magnet:?xt=urn:btih:03a4c34d3ffa907851dff2fbc4d4afbc8b450b0e&dn=Dark.S01E09.720p.WEBRip.x264-STRiFE%5Brartv%5D&tr=http%3A%2F%2Ftracker.trackerfix.com%3A80%2Fannounce&tr=udp%3A%2F%2F9.rarbg.me%3A2710&tr=udp%3A%2F%2F9.rarbg.to%3A2710'],[],
http://diaodiaode.me/rss/feed/0,['[电视剧]暗Dark'],['Dark.S01E02.720p.WEBRip.x264-STRiFE'],[],['magnet:?xt=urn:btih:7b732f1d163663e70efb85482b81e59687bfb3b6&dn=Dark.S01E02.720p.WEBRip.x264-STRiFE%5Brartv%5D&tr=http%3A%2F%2Ftracker.trackerfix.com%3A80%2Fannounce&tr=udp%3A%2F%2F9.rarbg.me%3A2710&tr=udp%3A%2F%2F9.rarbg.to%3A2710'],[],
http://diaodiaode.me/rss/feed/0,['[电视剧]暗Dark'],['Dark.S01E07.720p.WEBRip.x264-STRiFE'],[],['magnet:?xt=urn:btih:fcf15e9ce2cc55f8c1d7731134d7b94635ed2fee&dn=Dark.S01E07.720p.WEBRip.x264-STRiFE%5Brartv%5D&tr=http%3A%2F%2Ftracker.trackerfix.com%3A80%2Fannounce&tr=udp%3A%2F%2F9.rarbg.me%3A2710&tr=udp%3A%2F%2F9.rarbg.to%3A2710'],[],
http://diaodiaode.me/rss/feed/0,['[电视剧]暗Dark'],['Dark.S01E06.720p.WEBRip.x264-STRiFE'],[],['magnet:?xt=urn:btih:58ba09c88fac6fd07e6661a8e2e84b8f178d9453&dn=Dark.S01E06.720p.WEBRip.x264-STRiFE%5Brartv%5D&tr=http%3A%2F%2Ftracker.trackerfix.com%3A80%2Fannounce&tr=udp%3A%2F%2F9.rarbg.me%3A2710&tr=udp%3A%2F%2F9.rarbg.to%3A2710'],[],
http://diaodiaode.me/rss/feed/0,['[电视剧]暗Dark'],['Dark.S01E05.720p.WEBRip.x264-STRiFE'],[],['magnet:?xt=urn:btih:244701b6c20f8a08526aef5ebed2adbf876c57ab&dn=Dark.S01E05.720p.WEBRip.x264-STRiFE%5Brartv%5D&tr=http%3A%2F%2Ftracker.trackerfix.com%3A80%2Fannounce&tr=udp%3A%2F%2F9.rarbg.me%3A2710&tr=udp%3A%2F%2F9.rarbg.to%3A2710'],[],
http://diaodiaode.me/rss/feed/0,['[电视剧]暗Dark'],['Dark.S01E04.720p.WEBRip.x264-STRiFE'],[],['magnet:?xt=urn:btih:7977d17c5eedf1f819b8484682f25207a2c9ddee&dn=Dark.S01E04.720p.WEBRip.x264-STRiFE%5Brartv%5D&tr=http%3A%2F%2Ftracker.trackerfix.com%3A80%2Fannounce&tr=udp%3A%2F%2F9.rarbg.me%3A2710&tr=udp%3A%2F%2F9.rarbg.to%3A2710'],[],
http://diaodiaode.me/rss/feed/0,['[电视剧]暗Dark'],['Dark.S01E03.720p.WEBRip.x264-STRiFE'],[],['magnet:?xt=urn:btih:b5d3424fe79900084e6ac90b056ae8f6826e7ae4&dn=Dark.S01E03.720p.WEBRip.x264-STRiFE%5Brartv%5D&tr=http%3A%2F%2Ftracker.trackerfix.com%3A80%2Fannounce&tr=udp%3A%2F%2F9.rarbg.me%3A2710&tr=udp%3A%2F%2F9.rarbg.to%3A2710'],[],
http://diaodiaode.me/rss/feed/0,['[电视剧]暗Dark'],['Dark.S01E01.720p.WEBRip.x264-STRiFE'],[],['magnet:?xt=urn:btih:636198582040b044a587bbdbcc187db03cb016cd&dn=Dark.S01E01.720p.WEBRip.x264-STRiFE%5Brartv%5D&tr=http%3A%2F%2Ftracker.trackerfix.com%3A80%2Fannounce&tr=udp%3A%2F%2F9.rarbg.me%3A2710&tr=udp%3A%2F%2F9.rarbg.to%3A2710'],[],
http://diaodiaode.me/rss/feed/0,['[电影]王牌特工2：黄金圈Kingsman: The Golden Circle'],['王牌特工2：黄金圈.Kingsman.The.Golden.Circle.2017.中英文字幕.720P-光速字幕组.mp4'],['ed2k://|file|王牌特工2：黄金圈.Kingsman.The.Golden.Circle.2017.中英文字幕.720P-光速字幕组.mp4|1921301220|9157cb67eb28e4911bca8da98aa831e8|h=dym3nwucfkt5mv57zgsayiery3di66ze|/'],['magnet:?xt=urn:btih:d6bb436af213a2b6d3ca0eed39615368f0e49c47&tr=udp://9.rarbg.to:2710/announce&tr=udp://9.rarbg.me:2710/announce&tr=http://tr.cili001.com:8070/announce&tr=http://tracker.trackerfix.com:80/announce&tr=udp://open.demonii.com:1337&tr=udp://tracker.opentrackr.org:1337/announce&tr=udp://p4p.arenabg.com:1337&tr=wss://tracker.openwebtorrent.com&tr=wss://tracker.btorrent.xyz&tr=wss://tracker.fastcast.nz'],['https://pan.baidu.com/s/1geWQvx5'],
http://diaodiaode.me/rss/feed/0,['[电视剧]勇者Valor'],['中英双语.勇者.Valor.S01E05.720p.chs&eng-luckydag 密码:xc40'],['ed2k://|file|中英双语.勇者.Valor.s01e05.720p.chs_eng-luckydag.mp4|291897902|ba15909b755349c4ea5b6aafba7e6f50|h=e43loxgdpxex36orh6qbfsnbvk4kquym|/'],['magnet:?xt=urn:btih:4ff3d62011cc5d1393f5d81a7d6ed57de45f928c&tr=udp://9.rarbg.to:2710/announce&tr=udp://9.rarbg.me:2710/announce&tr=http://tr.cili001.com:8070/announce&tr=http://tracker.trackerfix.com:80/announce&tr=udp://open.demonii.com:1337&tr=udp://tracker.opentrackr.org:1337/announce&tr=udp://p4p.arenabg.com:1337&tr=wss://tracker.openwebtorrent.com&tr=wss://tracker.btorrent.xyz&tr=wss://tracker.fastcast.nz'],['https://pan.baidu.com/s/1hslH34g'],
http://diaodiaode.me/rss/feed/0,['[电视剧]美好事物Better Things'],['美好事物.Better.Things.S02E01.双语字幕.720p.HDTV.x264-UnIon字幕组.mp4'],['ed2k://|file|%E7%BE%8E%E5%A5%BD%E4%BA%8B%E7%89%A9.Better.Things.S02E01.%E5%8F%8C%E8%AF%AD%E5%AD%97%E5%B9%95.720p.HDTV.x264-UnIon%E5%AD%97%E5%B9%95%E7%BB%84.mp4|289401033|5eef50bfde894abff3c166b9fca04572|h=oh2e2eevno26olra7pxpyrrqsawljcir|/'],['magnet:?xt=urn:btih:7bb755955a4226f69745da629ab27e41d7984d5b&tr=udp://9.rarbg.to:2710/announce&tr=udp://9.rarbg.me:2710/announce&tr=http://tr.cili001.com:8070/announce&tr=http://tracker.trackerfix.com:80/announce&tr=udp://open.demonii.com:1337&tr=udp://tracker.opentrackr.org:1337/announce&tr=udp://p4p.arenabg.com:1337&tr=wss://tracker.openwebtorrent.com&tr=wss://tracker.btorrent.xyz&tr=wss://tracker.fastcast.nz'],['https://pan.baidu.com/s/1i4RwEzF'],
http://diaodiaode.me/rss/feed/0,['[电视剧]少年谢尔顿Young Sheldon'],['少年谢尔顿.Young.Sheldon.S01E06.中英字幕.HDTVrip.720P-人人影视.mp4'],['ed2k://|file|少年谢尔顿.Young.Sheldon.S01E06.中英字幕.HDTVrip.720P-人人影视.mp4|232944522|e7d3ca5136ec09cd3bf98abcb791064c|h=67eci5xzq7okmxtjhyrxn54rr6gzmk4g|/'],['magnet:?xt=urn:btih:30bd6d245cedab3b8c342c39a85288f47b760d79&tr=udp://9.rarbg.to:2710/announce&tr=udp://9.rarbg.me:2710/announce&tr=http://tr.cili001.com:8070/announce&tr=http://tracker.trackerfix.com:80/announce&tr=udp://open.demonii.com:1337&tr=udp://tracker.opentrackr.org:1337/announce&tr=udp://p4p.arenabg.com:1337&tr=wss://tracker.openwebtorrent.com&tr=wss://tracker.btorrent.xyz&tr=wss://tracker.fastcast.nz'],[],
http://diaodiaode.me/rss/feed/0,['[电视剧]反恐特警队S.W.A.T.'],['反恐特警队.S.W.A.T.2017.S01E05.中英字幕.HDTVrip.720P-人人影视.mp4'],['ed2k://|file|反恐特警队.S.W.A.T.2017.S01E05.中英字幕.HDTVrip.720P-人人影视.mp4|515884971|463ad781cdfa568ea77ccd56d33872ee|h=u3whduydi3pp44bwu55jtonqfgw4w5re|/'],['magnet:?xt=urn:btih:5101f5c649b1d61fe53a804efc34231f1e10d30e&tr=udp://9.rarbg.to:2710/announce&tr=udp://9.rarbg.me:2710/announce&tr=http://tr.cili001.com:8070/announce&tr=http://tracker.trackerfix.com:80/announce&tr=udp://open.demonii.com:1337&tr=udp://tracker.opentrackr.org:1337/announce&tr=udp://p4p.arenabg.com:1337&tr=wss://tracker.openwebtorrent.com&tr=wss://tracker.btorrent.xyz&tr=wss://tracker.fastcast.nz'],[],
http://diaodiaode.me/rss/feed/0,['[电视剧]神烦警探Brooklyn Nine Nine'],['神烦警探.Brooklyn.Nine-Nine.S05E08.720p.WEB-DL.x264.中英字幕-Fantopia.【密码: u6jv】mp4'],['ed2k://|file|神烦警探.Brooklyn.Nine-Nine.S05E08.720p.WEB-DL.x264.中英字幕-Fantopia.mp4|363445282|ec765165df9cad44af5634054c4ce7fe|h=jpktsmqyr5jgelrlf4mv4nurmzhsgqqk|/'],['magnet:?xt=urn:btih:991695d6843825282eb47a2c0e603d29da259a4a&tr=udp://9.rarbg.to:2710/announce&tr=udp://9.rarbg.me:2710/announce&tr=http://tr.cili001.com:8070/announce&tr=http://tracker.trackerfix.com:80/announce&tr=udp://open.demonii.com:1337&tr=udp://tracker.opentrackr.org:1337/announce&tr=udp://p4p.arenabg.com:1337&tr=wss://tracker.openwebtorrent.com&tr=wss://tracker.btorrent.xyz&tr=wss://tracker.fastcast.nz'],['https://pan.baidu.com/s/1i5zS7vJ'],
http://diaodiaode.me/rss/feed/0,['[电视剧]奥维尔号The Orville'],['奥维尔号.The.Orville.S01E11.中英字幕.HDTVrip.720P-人人影视.mp4'],['ed2k://|file|%E5%A5%A5%E7%BB%B4%E5%B0%94%E5%8F%B7.The.Orville.S01E11.%E4%B8%AD%E8%8B%B1%E5%AD%97%E5%B9%95.HDTVrip.720P-%E4%BA%BA%E4%BA%BA%E5%BD%B1%E8%A7%86.mp4|521910035|cc97895921892221e8579cafb9f1ada5|h=bpbdbks6zpkgvebvwna5dm2khgs7jfm7|/'],['magnet:?xt=urn:btih:f75b3c9316c3828e223ea834ba6f42f73fcb7037&tr=udp://9.rarbg.to:2710/announce&tr=udp://9.rarbg.me:2710/announce&tr=http://tr.cili001.com:8070/announce&tr=http://tracker.trackerfix.com:80/announce&tr=udp://open.demonii.com:1337&tr=udp://tracker.opentrackr.org:1337/announce&tr=udp://p4p.arenabg.com:1337&tr=wss://tracker.openwebtorrent.com&tr=wss://tracker.btorrent.xyz&tr=wss://tracker.fastcast.nz'],[],
http://diaodiaode.me/rss/feed/0,['[电视剧]任性芝加哥Easy'],['任性芝加哥.Easy.S02E01.中英字幕.WEBrip.720P-人人影视.mp4'],['ed2k://|file|任性芝加哥.Easy.S02E01.中英字幕.WEBrip.720P-人人影视.mp4|318278245|6731571f4f2c2c8ee120b63f829fba08|h=2gni26qzowjixbpw5ghmrj3faswphdm3|/'],['magnet:?xt=urn:btih:6cc29e8661b1cd3a23cb772c12e55baeab83697a&tr=udp://9.rarbg.to:2710/announce&tr=udp://9.rarbg.me:2710/announce&tr=http://tr.cili001.com:8070/announce&tr=http://tracker.trackerfix.com:80/announce&tr=udp://open.demonii.com:1337&tr=udp://tracker.opentrackr.org:1337/announce&tr=udp://p4p.arenabg.com:1337&tr=wss://tracker.openwebtorrent.com&tr=wss://tracker.btorrent.xyz&tr=wss://tracker.fastcast.nz'],[],
http://diaodiaode.me/rss/feed/0,['[电视剧]女作家与谋杀案Murder, She Wrote'],['女作家与谋杀案.Murder, She Wrote.S05E14.中英字幕.DVDRip.mp4'],[],[],['http://pan.baidu.com/s/1dEDRQ9b'],
http://diaodiaode.me/rss/feed/0,['[电视剧]艺校故事Backstage'],['艺校故事.Backstage.2016.S02E17.WEB-HR.720p.Chs.Eng-Deefun迪幻字幕组.mp4'],['ed2k://|file|艺校故事.Backstage.2016.S02E17.WEB-HR.720p.Chs.Eng-Deefun迪幻字幕组.mp4|309972569|bbe5cb8ac4b58c9b4f396bbb960facb1|h=oq6pp3c6etqcivnf4b3jyek6zd746vup|/'],['magnet:?xt=urn:btih:39be0084b5439ea2d85e77c7b3bed442d8d44b35&tr=udp://9.rarbg.to:2710/announce&tr=udp://9.rarbg.me:2710/announce&tr=http://tr.cili001.com:8070/announce&tr=http://tracker.trackerfix.com:80/announce&tr=udp://open.demonii'],['https://pan.baidu.com/s/1bp4Ow6j'],
http://diaodiaode.me/rss/feed/0,['[电视剧]艺校故事Backstage'],['艺校故事.Backstage.2016.S02E18.WEB-HR.720p.Chs.Eng-Deefun迪幻字幕组.mp4'],['ed2k://|file|%E8%89%BA%E6%A0%A1%E6%95%85%E4%BA%8B.Backstage.2016.S02E18.WEB-HR.720p.Chs.Eng-Deefun%E8%BF%AA%E5%B9%BB%E5%AD%97%E5%B9%95%E7%BB%84.mp4.mp4|309622505|2b45001aca0659ce82ee8919f8955935|h=k6y55ufdh3denxk6cqy2hxxdbxvg3nli|/'],['magnet:?xt=urn:btih:3ca86a497d6d3991cda48078d7b72707ff253185&tr=udp://9.rarbg.to:2710/announce&tr=udp://9.rarbg.me:2710/announce&tr=http://tr.cili001.com:8070/announce&tr=http://tracker.trackerfix.com:80/announce&tr=udp://open.demonii.com:1337&tr=udp://tracker.opentrackr.org:1337/announce&tr=udp://p4p.arenabg.com:1337&tr=wss://tracker.openwebtorrent.com&tr=wss://tracker.btorrent.xyz&tr=wss://tracker.fastcast.nz'],['https://pan.baidu.com/s/1dE3Onvz'],
http://diaodiaode.me/rss/feed/0,['[电视剧]喧闹一家亲The Loud House'],['喧闹一家亲.The.Loud.House.S02E23.WEB-HR.720p.Chs.Eng-Deefun迪幻字幕组.mp4'],['ed2k://|file|喧闹一家亲.The.Loud.House.S02E23.WEB-HR.720p.Chs.Eng-Deefun迪幻字幕组.mp4|311827112|eb075309eb03e17b2920d9cae7459ef0|h=budslghkjrqplwwykkg6zcm4qcs7wsfz|/'],['magnet:?xt=urn:btih:4e1f3f1b3884754652c4edcc6eb684891229f56d&tr=udp://9.rarbg.to:2710/announce&tr=udp://9.rarbg.me:2710/announce&tr=http://tr.cili001.com:8070/announce&tr=http://tracker.trackerfix.com:80/announce&tr=udp://open.demonii'],['https://pan.baidu.com/s/1qXTQk2o'],
http://diaodiaode.me/rss/feed/0,['[电视剧]相棒Aibou season16'],['相棒16.Aibou.S16E07.Chi_Jap.HDTVrip.1280X720.mp4'],['ed2k://|file|相棒16.Aibou.S16E07.Chi_Jap.HDTVrip.1280X720.mp4|590464063|61d8b00fef2b4653079793275c69c0ca|h=nctkbk7e447pgoxxc74owo2hwib6e2k5|/'],['magnet:?xt=urn:btih:c3500cd99a36fca4dc875f752f7e3233ba79f860&tr=udp://9.rarbg.to:2710/announce&tr=udp://9.rarbg.me:2710/announce&tr=http://tr.cili001.com:8070/announce&tr=http://tracker.trackerfix.com:80/announce&tr=udp://open.demonii.com:1337&tr=udp://tracker.opentrackr.org:1337/announce&tr=udp://p4p.arenabg.com:1337&tr=wss://tracker.openwebtorrent.com&tr=wss://tracker.btorrent.xyz&tr=wss://tracker.fastcast.nz'],['https://pan.baidu.com/s/1nvDX2NR'],
http://diaodiaode.me/rss/feed/0,['[电视剧]凶鬼恶灵Supernatural'],['凶鬼恶灵.Supernatural.S13E08.中英字幕.HDTVrip.720P-人人影视.mp4'],['ed2k://|file|凶鬼恶灵.Supernatural.S13E08.中英字幕.HDTVrip.720P-人人影视.mp4|505620565|f380324222515180a21da26824313941|h=cmrdmfxz53bti6j3ya4z3wh75pdzmn5g|/'],['magnet:?xt=urn:btih:5714e2112e108a75714886722586df9086febfa7&tr=udp://9.rarbg.to:2710/announce&tr=udp://9.rarbg.me:2710/announce&tr=http://tr.cili001.com:8070/announce&tr=http://tracker.trackerfix.com:80/announce&tr=udp://open.demonii.com:1337&tr=udp://tracker.opentrackr.org:1337/announce&tr=udp://p4p.arenabg.com:1337&tr=wss://tracker.openwebtorrent.com&tr=wss://tracker.btorrent.xyz&tr=wss://tracker.fastcast.nz'],[],
http://diaodiaode.me/rss/feed/0,['[电视剧]少年泰坦出击Teen Titans Go! '],['少年泰坦出击.Teen.Titans.Go.S04E45.720p-丧尸治疗字幕组-.mp4'],['ed2k://|file|少年泰坦出击.Teen.Titans.Go.S04E45.720p-丧尸治疗字幕组-.mp4|79928980|cbd60cf0aa3f5bc0bba48476690fa21b|h=nh4udhwfocpgdb7dud6fp3epwen7vj3m|/'],['magnet:?xt=urn:btih:75c1ef0e9f4365da2dfa79a93b21100e874b4d3b&tr=udp://9.rarbg.to:2710/announce&tr=udp://9.rarbg.me:2710/announce&tr=http://tr.cili001.com:8070/announce&tr=http://tracker.trackerfix.com:80/announce&tr=udp://open.demonii.com:1337&tr=udp://tracker.opentrackr.org:1337/announce&tr=udp://p4p.arenabg.com:1337&tr=wss://tracker.openwebtorrent.com&tr=wss://tracker.btorrent.xyz&tr=wss://tracker.fastcast.nz'],['https://pan.baidu.com/s/1ge7hZbH'],
http://diaodiaode.me/rss/feed/0,['[电视剧]少年泰坦出击Teen Titans Go! '],['少年泰坦出击.Teen.Titans.Go.S04E44.720p-丧尸治疗字幕组.mp4'],['ed2k://|file|少年泰坦出击.Teen.Titans.Go.S04E44.720p-丧尸治疗字幕组-.mp4|78711657|d000f2d8d1c61381bd443978e5bb9c22|h=5o5vkkzuzxjkxfp5534rnymvdjac7pk4|/'],['magnet:?xt=urn:btih:8d41d1d6638ad968b078c77c2816fde92c8536a0&tr=udp://9.rarbg.to:2710/announce&tr=udp://9.rarbg.me:2710/announce&tr=http://tr.cili001.com:8070/announce&tr=http://tracker.trackerfix.com:80/announce&tr=udp://open.demonii.com:1337&tr=udp://tracker.opentrackr.org:1337/announce&tr=udp://p4p.arenabg.com:1337&tr=wss://tracker.openwebtorrent.com&tr=wss://tracker.btorrent.xyz&tr=wss://tracker.fastcast.nz'],['https://pan.baidu.com/s/1pL7hOiJ'],
http://diaodiaode.me/rss/feed/0,['[电视剧]极品老妈Mom'],['极品老妈.Mom.S05E05.中英字幕.HDTVrip.720P-人人影视.mp4'],['ed2k://|file|极品老妈.Mom.S05E05.中英字幕.HDTVrip.720P-人人影视.mp4|240793976|e47afdc39492fb46d400046e2e31cd38|h=7rlsgalhnwzfk65tad6b27mtyuh2i4h7|/'],['magnet:?xt=urn:btih:5e3e67a86bf9594193d417859fa5aa0a22ab2135&tr=udp://9.rarbg.to:2710/announce&tr=udp://9.rarbg.me:2710/announce&tr=http://tr.cili001.com:8070/announce&tr=http://tracker.trackerfix.com:80/announce&tr=udp://open.demonii.com:1337&tr=udp://tracker.opentrackr.org:1337/announce&tr=udp://p4p.arenabg.com:1337&tr=wss://tracker.openwebtorrent.com&tr=wss://tracker.btorrent.xyz&tr=wss://tracker.fastcast.nz'],[],
http://diaodiaode.me/rss/feed/0,['[电视剧]刑警弓神Keiji Yugami'],['刑警弓神.Keiji.Yugami.Ep08.Chi_Jap.HDTVrip.1280X720.mp4'],['ed2k://|file|刑警弓神.Keiji.Yugami.Ep08.Chi_Jap.HDTVrip.1280X720.mp4|594393673|40ffc6902b76082724997f2a441e263a|h=ekglhnix4jf66ybrmo6ngn66nlzepmgn|/'],['magnet:?xt=urn:btih:3094d820c563345b90cb7e255ba6e25a041838ce&tr=udp://9.rarbg.to:2710/announce&tr=udp://9.rarbg.me:2710/announce&tr=http://tr.cili001.com:8070/announce&tr=http://tracker.trackerfix.com:80/announce&tr=udp://open.demonii.com:1337&tr=udp://tracker.opentrackr.org:1337/announce&tr=udp://p4p.arenabg.com:1337&tr=wss://tracker.openwebtorrent.com&tr=wss://tracker.btorrent.xyz&tr=wss://tracker.fastcast.nz'],['https://pan.baidu.com/s/1i4SI4SX'],
http://diaodiaode.me/rss/feed/0,['[电视剧]生活大爆炸The Big Bang Theory'],['生活大爆炸.The.Big.Bang.Theory.S11E09.中英字幕.HDTVrip.720P-人人影视.mp4'],['ed2k://|file|生活大爆炸.The.Big.Bang.Theory.S11E09.中英字幕.HDTVrip.720P-人人影视.mp4|229812781|90d637f06124c2b681f8bc889291c6e3|h=sgpqrz4lihugnbis52q34kannlftypgu|/'],['magnet:?xt=urn:btih:20a476fe27bade8152cec7a21df7ca55751c73d9&tr=udp://9.rarbg.to:2710/announce&tr=udp://9.rarbg.me:2710/announce&tr=http://tr.cili001.com:8070/announce&tr=http://tracker.trackerfix.com:80/announce&tr=udp://open.demonii.com:1337&tr=udp://tracker.opentrackr.org:1337/announce&tr=udp://p4p.arenabg.com:1337&tr=wss://tracker.openwebtorrent.com&tr=wss://tracker.btorrent.xyz&tr=wss://tracker.fastcast.nz'],[],
http://diaodiaode.me/rss/feed/0,['[电视剧]衰女翻身The Mick'],['衰女翻身.The.Mick.S02E08.中英字幕.WEBRip.720p.x264-人人影视.mp4'],['ed2k://|file|%E8%A1%B0%E5%A5%B3%E7%BF%BB%E8%BA%AB.The.Mick.S02E08.%E4%B8%AD%E8%8B%B1%E5%AD%97%E5%B9%95.WEBRip.720p.x264-%E4%BA%BA%E4%BA%BA%E5%BD%B1%E8%A7%86.mp4|247691538|b6e8d7f872d4ba33dabbb979bc7dab9b|h=vctvuwwdwz3gvfpkzxezxx26zpkqlmro|/'],['magnet:?xt=urn:btih:2e0a4928c3df231f45d4e4c77396277ab81ba04a&tr=udp://9.rarbg.to:2710/announce&tr=udp://9.rarbg.me:2710/announce&tr=http://tr.cili001.com:8070/announce&tr=http://tracker.trackerfix.com:80/announce&tr=udp://open.demonii.com:1337&tr=udp://tracker.opentrackr.org:1337/announce&tr=udp://p4p.arenabg.com:1337&tr=wss://tracker.openwebtorrent.com&tr=wss://tracker.btorrent.xyz&tr=wss://tracker.fastcast.nz'],['https://share.weiyun.com/f9d61118c0701150421e8e9164102fcd'],
http://diaodiaode.me/rss/feed/0,['[电视剧]大城小妞Broad City'],['大城小妞.Broad.City.S04E09.中英字幕.HDTVrip.720P-人人影视.mp4'],['ed2k://|file|大城小妞.Broad.City.S04E09.中英字幕.HDTVrip.720P-人人影视.mp4|293388604|fb7b3d4519f78fcd67c986a572912442|h=deztgvegh6bhwv3i4waz63jlvdd6las6|/'],['magnet:?xt=urn:btih:20c3580b3b446c40ea20af371cc87d2e196ef7ad&tr=udp://9.rarbg.to:2710/announce&tr=udp://9.rarbg.me:2710/announce&tr=http://tr.cili001.com:8070/announce&tr=http://tracker.trackerfix.com:80/announce&tr=udp://open.demonii.com:1337&tr=udp://tracker.opentrackr.org:1337/announce&tr=udp://p4p.arenabg.com:1337&tr=wss://tracker.openwebtorrent.com&tr=wss://tracker.btorrent.xyz&tr=wss://tracker.fastcast.nz'],[],
http://diaodiaode.me/rss/feed/0,['[电视剧]哥谭Gotham'],['哥谭.Gotham.S04E09.中英字幕.WEB-HR.AAC.720P.x264-人人影视.mp4'],['ed2k://|file|哥谭.Gotham.S04E09.中英字幕.WEB-HR.AAC.720P.x264-人人影视.mp4|502508480|f6e0e9b7250cd4c9debb46035eef93af|h=77ofyxffnxuisslxurn2xvqobhph22zo|/'],['magnet:?xt=urn:btih:20bbbb32dcc7dd8caf66b5eda66934160e094a5e&tr=udp://9.rarbg.to:2710/announce&tr=udp://9.rarbg.me:2710/announce&tr=http://tr.cili001.com:8070/announce&tr=http://tracker.trackerfix.com:80/announce&tr=udp://open.demonii.com:1337&tr=udp://tracker.opentrackr.org:1337/announce&tr=udp://p4p.arenabg.com:1337&tr=wss://tracker.openwebtorrent.com&tr=wss://tracker.btorrent.xyz&tr=wss://tracker.fastcast.nz'],['https://pan.baidu.com/s/1jInFjVK'],
http://diaodiaode.me/rss/feed/0,['[电视剧]哥谭Gotham'],['哥谭.Gotham.S04E10.中英字幕.HDTVrip.720P-人人影视.mp4'],['ed2k://|file|哥谭.Gotham.S04E10.中英字幕.HDTVrip.720P-人人影视.mp4|532773945|82d03fece53d535b08bc87eae492c982|h=z5fh7e5ugtoqkvhwjaol2pje74vehrex|/'],['magnet:?xt=urn:btih:da6af53b17f82b5be8aaf6ff27f1c0734cc94159&tr=udp://9.rarbg.to:2710/announce&tr=udp://9.rarbg.me:2710/announce&tr=http://tr.cili001.com:8070/announce&tr=http://tracker.trackerfix.com:80/announce&tr=udp://open.demonii.com:1337&tr=udp://tracker.opentrackr.org:1337/announce&tr=udp://p4p.arenabg.com:1337&tr=wss://tracker.openwebtorrent.com&tr=wss://tracker.btorrent.xyz&tr=wss://tracker.fastcast.nz'],['https://pan.baidu.com/s/1jInFjVK'],
http://diaodiaode.me/rss/feed/0,['[电视剧]失联Absentia'],['中英双语.失联.Absentia.s01e10.1080p.3subs-luckydag 密码:14b5'],['http://ed2k//%7Cfile%7C%E4%B8%AD%E8%8B%B1%E5%8F%8C%E8%AF%AD.%E5%A4%B1%E8%81%94.Absentia.s01e10.1080p.chs&eng-luckydag.mp4%7C709827491%7CB21EDD51D416F0CDEACCD8AFF41D86FC%7Ch=BFFVLIKYJB6QT6Z6KTJH4WHI2C47DTTI%7C/'],['magnet:?xt=urn:btih:AB566782579627ABF43A9B540803FBBEC2330DA2&dn=%e4%b8%ad%e8%8b%b1%e5%8f%8c%e8%af%ad.%e5%a4%b1%e8%81%94.Absentia.s01e10.1080p.3subs-luckydag&tr=udp%3a%2f%2ftracker.opentrackr.org%3a1337%2fannounce&tr=udp%3a%2f%2ftracker.trackerfix.com%3a82%2fannounce&tr=udp%3a%2f%2fopen.demonii.com%3a1337&tr=udp%3a%2f%2fp4p.arenabg.com%3a1337&tr=udp%3a%2f%2f9.rarbg.to%3a2720%2fannounce&tr=udp%3a%2f%2f9.rarbg.me%3a2740%2fannounce'],['https://pan.baidu.com/s/1pLIDnOB'],
http://diaodiaode.me/rss/feed/0,['[电视剧]钱斯医生Chance'],['钱斯医生.Chance.S02E10.End.中英字幕.WEBrip.720P-人人影视.mp4'],['ed2k://|file|钱斯医生.Chance.S02E10.End.中英字幕.WEBrip.720P-人人影视.mp4|677480086|b937ef3906e2cf32742046fc323274df|h=qiihw5tcjhksqv7tk5bvjfvsvm6hnaz5|/'],['magnet:?xt=urn:btih:9bb053a7d68bfb0fe806ab68f6d4c3b5c0b19466&tr=udp://9.rarbg.to:2710/announce&tr=udp://9.rarbg.me:2710/announce&tr=http://tr.cili001.com:8070/announce&tr=http://tracker.trackerfix.com:80/announce&tr=udp://open.demonii.com:1337&tr=udp://tracker.opentrackr.org:1337/announce&tr=udp://p4p.arenabg.com:1337&tr=wss://tracker.openwebtorrent.com&tr=wss://tracker.btorrent.xyz&tr=wss://tracker.fastcast.nz'],['https://ZiMuZuUSTV.ctfile.com/fs/1939455-229904513'],
http://diaodiaode.me/rss/feed/0,['[电视剧]归乡路漫漫The Long Road Home'],['归乡路漫漫.The.Long.Road.Home.S01E05.中英字幕.HDTVrip.720P-人人影视.mp4'],['ed2k://|file|归乡路漫漫.The.Long.Road.Home.S01E05.中英字幕.HDTVrip.720P-人人影视.mp4|585513266|704965287a5a85ba6f9325d3f83299b4|h=bok7hqnej6rxvdlwqohojdcwiqqpz6yu|/'],['magnet:?xt=urn:btih:9baebd60df5357dd1a09dbdf997c5ddb47337082&tr=udp://9.rarbg.to:2710/announce&tr=udp://9.rarbg.me:2710/announce&tr=http://tr.cili001.com:8070/announce&tr=http://tracker.trackerfix.com:80/announce&tr=udp://open.demonii.com:1337&tr=udp://tracker.opentrackr.org:1337/announce&tr=udp://p4p.arenabg.com:1337&tr=wss://tracker.openwebtorrent.com&tr=wss://tracker.btorrent.xyz&tr=wss://tracker.fastcast.nz'],[],
http://diaodiaode.me/rss/feed/0,['[电视剧]浴血黑帮Peaky Blinders'],['浴血黑帮.Peaky.Blinders.S04E03.中英字幕.HDTVrip.720P-人人影视.mp4'],['ed2k://|file|浴血黑帮.Peaky.Blinders.S04E03.中英字幕.HDTVrip.720P-人人影视.mp4|720364077|9580bc64f730ee60e426d05fda9a377b|h=f3ml2k7taa2lv7nif6cor6fwr43dh5ox|/'],['magnet:?xt=urn:btih:d0e33b3df10a636bf30c556e494f5e0126507e0e&tr=udp://9.rarbg.to:2710/announce&tr=udp://9.rarbg.me:2710/announce&tr=http://tr.cili001.com:8070/announce&tr=http://tracker.trackerfix.com:80/announce&tr=udp://open.demonii.com:1337&tr=udp://tracker.opentrackr.org:1337/announce&tr=udp://p4p.arenabg.com:1337&tr=wss://tracker.openwebtorrent.com&tr=wss://tracker.btorrent.xyz&tr=wss://tracker.fastcast.nz'],[],
http://diaodiaode.me/rss/feed/0,['[电视剧]监狱的公主Kangoku no Ohimesama'],['监狱的公主.Kangoku.no.Ohimesama.Ep07.Chi_Jap.HDTVrip.1280X720.mp4'],['ed2k://|file|监狱的公主.Kangoku.no.Ohimesama.Ep07.Chi_Jap.HDTVrip.1280X720.mp4|584703583|3c3ade57697534471b0a67b88462cbac|h=vhde7vgxd25hj4xxvfyoiewtnjyu5qqf|/'],['magnet:?xt=urn:btih:e940509e03a8293afc16284248073a14e90ead90&tr=udp://9.rarbg.to:2710/announce&tr=udp://9.rarbg.me:2710/announce&tr=http://tr.cili001.com:8070/announce&tr=http://tracker.trackerfix.com:80/announce&tr=udp://open.demonii.com:1337&tr=udp://tracker.opentrackr.org:1337/announce&tr=udp://p4p.arenabg.com:1337&tr=wss://tracker.openwebtorrent.com&tr=wss://tracker.btorrent.xyz&tr=wss://tracker.fastcast.nz'],['https://pan.baidu.com/s/1eSq5sKM'],
http://diaodiaode.me/rss/feed/0,['[电视剧]维京传奇Vikings'],['Vikings.S05E01.The.Departed.1.720p.AMZN.WEB-DL.DDP5.1.H.264-NTb.mkv'],['ed2k://|file|Vikings.S05E01.The.Departed.1.720p.AMZN.WEB-DL.DDP5.1.H.264-NTb.mkv|1045074891|8B06B27844A844334BCF1D53EA0ABDAB|h=4M7EMVSKYRQ57TPTYLTYI7Y2K24DW4M4|/'],[],[],
http://diaodiaode.me/rss/feed/0,['[电视剧]维京传奇Vikings'],['Vikings.S05E02.The.Departed.2.720p.AMZN.WEB-DL.DDP5.1.H.264-NTb.mkv'],['ed2k://|file|Vikings.S05E02.The.Departed.2.720p.AMZN.WEB-DL.DDP5.1.H.264-NTb.mkv|1091740800|CF35279F7EF1F0752F3FADCBDF08FC02|h=MCMTUO3WSLFK2TWM7U3VMTDFITRFJQMO|/'],[],[],
http://diaodiaode.me/rss/feed/0,['[电视剧]维京传奇Vikings'],['Vikings.S05E01.The.Departed.1.1080p.AMZN.WEB-DL.DDP5.1.H.264-NTb.mkv'],['ed2k://|file|Vikings.S05E01.The.Departed.1.1080p.AMZN.WEB-DL.DDP5.1.H.264-NTb.mkv|2337171483|887BD3CC647CABF0C05310FFF9861C0F|h=UVQGUTW55334A2MD3BQHSVCQRRQ23HO4|/'],[],[],
http://diaodiaode.me/rss/feed/0,['[电视剧]维京传奇Vikings'],['Vikings.S05E02.The.Departed.2.1080p.AMZN.WEB-DL.DDP5.1.H.264-NTb.mkv'],['ed2k://|file|Vikings.S05E02.The.Departed.2.1080p.AMZN.WEB-DL.DDP5.1.H.264-NTb.mkv|2515910279|5FEAC5551373F7706A59F661A2B4E5F6|h=O4HPGTUT6YSISSACXIOL3RJJRXVOOYAV|/'],[],[],
http://diaodiaode.me/rss/feed/0,['[电视剧]无言有爱Speechless'],['无言有爱.Speechless.S02E08.中英字幕.HDTVrip.720P-人人影视.mp4'],['ed2k://|file|无言有爱.Speechless.S02E08.中英字幕.HDTVrip.720P-人人影视.mp4|261008562|a6161e80798c3d2b6a33de6407bacafc|h=wq6py6ioimph3tjlczhglbg5arqo2ctp|/'],['magnet:?xt=urn:btih:6b4a6313de111c60e568d8219e1c1132c9661560&tr=udp://9.rarbg.to:2710/announce&tr=udp://9.rarbg.me:2710/announce&tr=http://tr.cili001.com:8070/announce&tr=http://tracker.trackerfix.com:80/announce&tr=udp://open.demonii.com:1337&tr=udp://tracker.opentrackr.org:1337/announce&tr=udp://p4p.arenabg.com:1337&tr=wss://tracker.openwebtorrent.com&tr=wss://tracker.btorrent.xyz&tr=wss://tracker.fastcast.nz'],[],
http://diaodiaode.me/rss/feed/0,['[电视剧]美式主妇 American Housewife '],['美式主妇.American.Housewife.S02E08.中英字幕.HDTVrip.720P-人人影视.mp4'],['ed2k://|file|美式主妇.American.Housewife.S02E08.中英字幕.HDTVrip.720P-人人影视.mp4|262017644|6a1109fb2cedea7c5bb64e779cb5192c|h=pfjxplntij2mqzuzz7a67g3mwfvtkzeh|/'],['magnet:?xt=urn:btih:030183daa61c88778eed70a48c7e3bb5694faeab&tr=udp://9.rarbg.to:2710/announce&tr=udp://9.rarbg.me:2710/announce&tr=http://tr.cili001.com:8070/announce&tr=http://tracker.trackerfix.com:80/announce&tr=udp://open.demonii.com:1337&tr=udp://tracker.opentrackr.org:1337/announce&tr=udp://p4p.arenabg.com:1337&tr=wss://tracker.openwebtorrent.com&tr=wss://tracker.btorrent.xyz&tr=wss://tracker.fastcast.nz'],[],
http://diaodiaode.me/rss/feed/0,['[电视剧]河谷镇Riverdale'],['河谷镇.Riverdale.S02E07.中英字幕.HDTVrip.720P-人人影视.mp4'],['ed2k://|file|河谷镇.Riverdale.S02E07.中英字幕.HDTVrip.720P-人人影视.mp4|512225597|95a95150ba2fdcf4a6fc0297cf1043aa|h=w73si5gkgtluilrsfkugdjkwkhr6hvex|/'],['magnet:?xt=urn:btih:05695a95c9352f0ae5e387486f46ab4eaaf73fd3&tr=udp://9.rarbg.to:2710/announce&tr=udp://9.rarbg.me:2710/announce&tr=http://tr.cili001.com:8070/announce&tr=http://tracker.trackerfix.com:80/announce&tr=udp://open.demonii.com:1337&tr=udp://tracker.opentrackr.org:1337/announce&tr=udp://p4p.arenabg.com:1337&tr=wss://tracker.openwebtorrent.com&tr=wss://tracker.btorrent.xyz&tr=wss://tracker.fastcast.nz'],[],
http://diaodiaode.me/rss/feed/0,['[电视剧]金色年代The Goldbergs'],['金色年代.The.Goldbergs.2013.S05E08.中英字幕.HDTVrip.720P-人人影视.mp4'],['ed2k://|file|金色年代.The.Goldbergs.2013.S05E08.中英字幕.HDTVrip.720P-人人影视.mp4|262751063|7ee65bb2845719d239212222ecfdec8a|h=phy735tizgib3e5bcx6ybw7lyn3xjyu5|/'],['magnet:?xt=urn:btih:d2704f4c9c26e598c537a3062c327e51b6b66c5f&tr=udp://9.rarbg.to:2710/announce&tr=udp://9.rarbg.me:2710/announce&tr=http://tr.cili001.com:8070/announce&tr=http://tracker.trackerfix.com:80/announce&tr=udp://open.demonii.com:1337&tr=udp://tracker.opentrackr.org:1337/announce&tr=udp://p4p.arenabg.com:1337&tr=wss://tracker.openwebtorrent.com&tr=wss://tracker.btorrent.xyz&tr=wss://tracker.fastcast.nz'],[],
http://diaodiaode.me/rss/feed/0,['[电视剧]指定幸存者Designated Survivor'],['指定幸存者.Designated.Survivor.S02E05.中英字幕.HDTVrip.720p-人人影视.V2.mp4'],['ed2k://|file|指定幸存者.Designated.Survivor.S02E05.中英字幕.HDTVrip.720p-人人影视.V2.mp4|491802270|ecd55066c226756ae5565c40fedcad5e|h=y6be7j2gfh7bh33l6l3euv63ou3hr5at|/'],['magnet:?xt=urn:btih:5023159f292684617c9f39a0ae0652514c7fbab6&tr=udp://9.rarbg.to:2710/announce&tr=udp://9.rarbg.me:2710/announce&tr=http://tr.cili001.com:8070/announce&tr=http://tracker.trackerfix.com:80/announce&tr=udp://open.demonii.com:1337&tr=udp://tracker.opentrackr.org:1337/announce&tr=udp://p4p.arenabg.com:1337&tr=wss://tracker.openwebtorrent.com&tr=wss://tracker.btorrent.xyz&tr=wss://tracker.fastcast.nz'],['https://share.weiyun.com/c6214808a678e5153f3bc9ad17bf1db8'],
http://diaodiaode.me/rss/feed/0,['[电视剧]指定幸存者Designated Survivor'],['指定幸存者.Designated.Survivor.S02E07.中英字幕.HDTVrip.720p-人人影视.V3.mp4'],['ed2k://|file|指定幸存者.Designated.Survivor.S02E07.中英字幕.HDTVrip.720p-人人影视.V3.mp4|489608352|ac78702c1632765671da35513a12373e|h=hwa273fv5d5mu5gn5gyb5m77kmst2qbg|/'],['magnet:?xt=urn:btih:98f4163844e5c44e89606f19f33d057d43b32fb6&tr=udp://9.rarbg.to:2710/announce&tr=udp://9.rarbg.me:2710/announce&tr=http://tr.cili001.com:8070/announce&tr=http://tracker.trackerfix.com:80/announce&tr=udp://open.demonii.com:1337&tr=udp://tracker.opentrackr.org:1337/announce&tr=udp://p4p.arenabg.com:1337&tr=wss://tracker.openwebtorrent.com&tr=wss://tracker.btorrent.xyz&tr=wss://tracker.fastcast.nz'],['https://share.weiyun.com/f2e85aa15caf3eeb72f755fe35bc2fcb'],
http://diaodiaode.me/rss/feed/0,['[电视剧]维京传奇Vikings'],['维京传奇.Vikings.S05E01-02.中英字幕.HDTVrip.720P-人人影视.mp4'],['ed2k://|file|维京传奇.Vikings.S05E01-02.中英字幕.HDTVrip.720P-人人影视.mp4|1049343937|59680e91076051557d8a5cef4190fd91|h=7lervq2f4cx52ava6ig36ycfb4f3ryyy|/'],['magnet:?xt=urn:btih:bef79df9e3db8365b23561e456ea9a48876ea4f9&tr=udp://9.rarbg.to:2710/announce&tr=udp://9.rarbg.me:2710/announce&tr=http://tr.cili001.com:8070/announce&tr=http://tracker.trackerfix.com:80/announce&tr=udp://open.demonii.com:1337&tr=udp://tracker.opentrackr.org:1337/announce&tr=udp://p4p.arenabg.com:1337&tr=wss://tracker.openwebtorrent.com&tr=wss://tracker.btorrent.xyz&tr=wss://tracker.fastcast.nz'],[],
http://diaodiaode.me/rss/feed/0,['[电视剧]指定幸存者Designated Survivor'],['指定幸存者.Designated.Survivor.S02E08.中英字幕.HDTVrip.720p-人人影视'],['ed2k://|file|指定幸存者.Designated.Survivor.S02E08.中英字幕.HDTVrip.720p-人人影视.mp4|510549858|bff161403dcd1981ebf41756622de70d|h=3bs5mgustmxkmejz7oodmicxgeafotla|/'],['magnet:?xt=urn:btih:7f5a6063370ac4c09a2c85b426dbb5a25410ce20&tr=udp://9.rarbg.to:2710/announce&tr=udp://9.rarbg.me:2710/announce&tr=http://tr.cili001.com:8070/announce&tr=http://tracker.trackerfix.com:80/announce&tr=udp://open.demonii.com:1337&tr=udp://tracker.opentrackr.org:1337/announce&tr=udp://p4p.arenabg.com:1337&tr=wss://tracker.openwebtorrent.com&tr=wss://tracker.btorrent.xyz&tr=wss://tracker.fastcast.nz'],['https://share.weiyun.com/2591538d88ead7f425557609cfe9c5d9'],
http://diaodiaode.me/rss/feed/0,['[电视剧]芝加哥警署Chicago P.D.'],['芝加哥警署.Chicago.PD.S05E08.中英字幕.HDTVrip.720P-人人影视.mp4'],['ed2k://|file|芝加哥警署.Chicago.PD.S05E08.中英字幕.HDTVrip.720P-人人影视.mp4|504131236|c58a562696df8b79b1638d4c936a47e6|h=rko3aztbxq7b3imzxbx6dkz4z2xmu4jn|/'],['magnet:?xt=urn:btih:fe6bc7c62e595bdcd772c30c42d4e36cdb2eeb96&tr=udp://9.rarbg.to:2710/announce&tr=udp://9.rarbg.me:2710/announce&tr=http://tr.cili001.com:8070/announce&tr=http://tracker.trackerfix.com:80/announce&tr=udp://open.demonii.com:1337&tr=udp://tracker.opentrackr.org:1337/announce&tr=udp://p4p.arenabg.com:1337&tr=wss://tracker.openwebtorrent.com&tr=wss://tracker.btorrent.xyz&tr=wss://tracker.fastcast.nz'],['https://pan.baidu.com/s/1eSrleIQ'],
http://diaodiaode.me/rss/feed/0,['[电视剧]黑客军团Mr. Robot'],['黑客军团.Mr.Robot.S03E07.中英字幕.WEB-HR.AAC.720P.x264-人人影视.mp4'],['ed2k://|file|黑客军团.Mr.Robot.S03E07.中英字幕.WEB-HR.AAC.720P.x264-人人影视.mp4|540742838|b2bb6f580df521299411d7652dc5801f|h=wbg2hhhdoh2u2b5tuakji4y6smmjn72s|/'],['magnet:?xt=urn:btih:b7ed2c15b5c6f9d520154e1aa6bd74d477853b09&tr=udp://9.rarbg.to:2710/announce&tr=udp://9.rarbg.me:2710/announce&tr=http://tr.cili001.com:8070/announce&tr=http://tracker.trackerfix.com:80/announce&tr=udp://open.demonii.com:1337&tr=udp://tracker.opentrackr.org:1337/announce&tr=udp://p4p.arenabg.com:1337&tr=wss://tracker.openwebtorrent.com&tr=wss://tracker.btorrent.xyz&tr=wss://tracker.fastcast.nz'],['https://pan.baidu.com/s/1i5vgEah'],
http://diaodiaode.me/rss/feed/0,['[电视剧]黑客军团Mr. Robot'],['黑客军团.Mr.Robot.S03E08.中英字幕.HDTVrip.720P-人人影视.mp4'],['ed2k://|file|%E9%BB%91%E5%AE%A2%E5%86%9B%E5%9B%A2.Mr.Robot.S03E08.%E4%B8%AD%E8%8B%B1%E5%AD%97%E5%B9%95.HDTVrip.720P-%E4%BA%BA%E4%BA%BA%E5%BD%B1%E8%A7%86.mp4|568491842|0c6e3eafe76442ecd16ebe2f26e84007|h=ardsw43jhhmwmmmdbua72fn5lox7mk24|/'],['magnet:?xt=urn:btih:13b295a6760ecf2071ebfcde15c8592fa2f96e5f&tr=udp://9.rarbg.to:2710/announce&tr=udp://9.rarbg.me:2710/announce&tr=http://tr.cili001.com:8070/announce&tr=http://tracker.trackerfix.com:80/announce&tr=udp://open.demonii.com:1337&tr=udp://tracker.opentrackr.org:1337/announce&tr=udp://p4p.arenabg.com:1337&tr=wss://tracker.openwebtorrent.com&tr=wss://tracker.btorrent.xyz&tr=wss://tracker.fastcast.nz'],['https://pan.baidu.com/s/1i5vgEah'],
http://diaodiaode.me/rss/feed/0,['[电视剧]摩登家庭Modern Family'],['摩登家庭.Modern.Family.S09E08.中英字幕.HDTVRip.720p-人人影视.mp4'],['ed2k://|file|摩登家庭.Modern.Family.S09E08.中英字幕.HDTVRip.720p-人人影视.mp4|265715387|b7cc9bf09cc07c6b139909024a5f4f0f|h=d4cmignvohh7mdzovdolxnpu5hb2at4s|/'],['magnet:?xt=urn:btih:770d551ff48077ad1c71a70d0d9eacf763491fdd&tr=udp://9.rarbg.to:2710/announce&tr=udp://9.rarbg.me:2710/announce&tr=http://tr.cili001.com:8070/announce&tr=http://tracker.trackerfix.com:80/announce&tr=udp://open.demonii.com:1337&tr=udp://tracker.opentrackr.org:1337/announce&tr=udp://p4p.arenabg.com:1337&tr=wss://tracker.openwebtorrent.com&tr=wss://tracker.btorrent.xyz&tr=wss://tracker.fastcast.nz'],[],
http://diaodiaode.me/rss/feed/0,['[电视剧]反击Strike Back'],['反击.Strike.Back.S06E05.中英字幕.HDTVrip.720P-人人影视.mp4'],['ed2k://|file|反击.Strike.Back.S06E05.中英字幕.HDTVrip.720P-人人影视.mp4|546649983|7fcac2399f386c324dea99fbbeb9a88d|h=qladw2qq6u6fyl26ivlobgax7gobwo5s|/'],['magnet:?xt=urn:btih:7941d1f9b787a6e7126cbed325ea4e0067c7d87b&tr=udp://9.rarbg.to:2710/announce&tr=udp://9.rarbg.me:2710/announce&tr=http://tr.cili001.com:8070/announce&tr=http://tracker.trackerfix.com:80/announce&tr=udp://open.demonii.com:1337&tr=udp://tracker.opentrackr.org:1337/announce&tr=udp://p4p.arenabg.com:1337&tr=wss://tracker.openwebtorrent.com&tr=wss://tracker.btorrent.xyz&tr=wss://tracker.fastcast.nz'],[],
http://diaodiaode.me/rss/feed/0,['[电视剧]嘻哈帝国Empire'],['嘻哈帝国.Empire.S04E07.中英字幕.WEBrip.720P-人人影视.mp4'],['ed2k://|file|嘻哈帝国.Empire.S04E07.中英字幕.WEBrip.720P-人人影视.mp4|505789437|42fd1d4f64d984d215492220848167a4|h=eydfwabqinq3sorc3cb2h3l75a22gjnw|/'],['magnet:?xt=urn:btih:712aea4c352a828eb6f9bf6bd6d1063b4f54f921&tr=udp://9.rarbg.to:2710/announce&tr=udp://9.rarbg.me:2710/announce&tr=http://tr.cili001.com:8070/announce&tr=http://tracker.trackerfix.com:80/announce&tr=udp://open.demonii.com:1337&tr=udp://tracker.opentrackr.org:1337/announce&tr=udp://p4p.arenabg.com:1337&tr=wss://tracker.openwebtorrent.com&tr=wss://tracker.btorrent.xyz&tr=wss://tracker.fastcast.nz'],['http://url.cn/5PfP6OS'],
http://diaodiaode.me/rss/feed/0,['[电影]王牌特工2：黄金圈Kingsman: The Golden Circle'],['王牌特工 黄金圈.中英双语字幕.Kingsman.The.Golden.Circle.2017.1080p.BluRay.x264-EX8.CHS.ENG'],[],['magnet:?xt=urn:btih:568B65347B71BBA14FFB207A44D82E2721027FE7&dn=%e7%8e%8b%e7%89%8c%e7%89%b9%e5%b7%a5%20%e9%bb%84%e9%87%91%e5%9c%88.%e4%b8%ad%e8%8b%b1%e5%8f%8c%e8%af%ad%e5%ad%97%e5%b9%95.Kingsman.The.Golden.Circle.2017.1080p.BluRay.x264-EX8.CHS.ENG&tr=udp%3a%2f%2ftracker.coppersurfer.tk%3a6969%2fannounce&tr=udp%3a%2f%2f9.rarbg.com%3a2710%2fannounce&tr=udp%3a%2f%2fp4p.arenabg.com%3a1337&tr=udp%3a%2f%2ftracker.leechers-paradise.org%3a6969&tr=udp%3a%2f%2ftracker.internetwarriors.net%3a1337&tr=udp%3a%2f%2ftracker.opentrackr.org%3a1337%2fannounce'],[],
